Workbook

Sheet Plan1
A1: 17136 | B1: 45498 | E1: Mastgen | I1: 3 | K1: 45500 | L1: 3 | M1: 45504 | P1: PE
A2: 2513 | B2: 45498 | E2: Promastic | I2: 5 | K2: 45502 | L2: 3 | M2: 45506 | N2: AE
A3: 3554 | B3: 45498 | E3: Promastic | I3: 5 | K3: 45502 | L3: 3 | M3: 45506 | N3: AE
A4: 3164 | B4: 45498 | E4: Promastic | I4: 5 | K4: 45502 | L4: 3 | M4: 45506 | N4: AE
A5: 2324 | B5: 45498 | E5: Promastic | I5: 5 | K5: 45502 | L5: 3 | M5: 45506 | Q5: PD
A6: 2050 | B6: 45498 | E6: Promastic | I6: 5 | K6: 45502 | L6: 3 | M6: 45506 | N6: AE
A7: 2879 | B7: 45499 | E7: Mastgen | I7: 5 | K7: 45503 | L7: 3 | M7: 45507 | O7: AD
A8: 2745 | B8: 45499 | E8: Ubrolexin | I8: 4 | K8: 45503 | L8: 5 | M8: 45509 | N8: AE | O8: AD | P8: PE
A9: 3637 | B9: 45499 | E9: Mastite clinica | I9: 5 | K9: 45503 | L9: 3 | M9: 45507 | O9: AD
A10: 3720 | B10: 45500 | E10: Mastite clinica | I10: 5 | K10: 45504 | L10: 3 | M10: 45508 | N10: AE | O10: AD | P10: PE | Q10: PD
A11: 873 | B11: 45501 | E11: Vetmax | I11: 5 | K11: 45505 | L11: 4 | M11: 45510 | N11: AE | O11: AD | P11: PE | Q11: PD
A12: 2959 | B12: 45501 | E12: Mastclin | I12: 5 | K12: 45505 | L12: 2 | M12: 45508 | N12: AE | O12: AD | Q12: PD
A13: 2513 | B13: 45502 | E13: Mastite clinica | I13: 5 | K13: 45506 | L13: 3 | M13: 45510 | O13: AD
A14: 2513 | B14: 45502 | E14: Promastic | I14: 5 | K14: 45506 | L14: 3 | M14: 45510 | O14: AD
A15: 2814 | B15: 45503 | E15: Mastite clinica | I15: 5 | K15: 45507 | L15: 3 | M15: 45511 | O15: AD
A16: 3459 | B16: 45503 | E16: Mastite clinica | I16: 5 | K16: 45507 | L16: 3 | M16: 45511 | N16: AE | P16: PE
A17: 2225 | B17: 45503 | E17: Mastite clinica | I17: 5 | K17: 45507 | L17: 3 | M17: 45511 | N17: AE
A18: 99 | B18: 45503 | E18: Mastite clinica | I18: 5 | K18: 45507 | L18: 3 | M18: 45511 | O18: AD | Q18: PD
A19: 2732 | B19: 45503 | E19: Mastite clinica | I19: 5 | K19: 45507 | L19: 3 | M19: 45511 | O19: AD
A20: 3164 | B20: 45504 | E20: Promastic | I20: 5 | K20: 45508 | L20: 3 | M20: 45512 | N20: AE
A21: 3323 | B21: 45504 | E21: Mastigem | I21: 5 | K21: 45508 | L21: 3 | M21: 45512 | N21: AE | P21: PE
A22: 3668 | B22: 45504 | E22: Mastigem | I22: 5 | K22: 45508 | L22: 3 | M22: 45512 | Q22: PD
A23: 3021 | B23: 45504 | E23: Ubroletin | I23: 5 | K23: 45508 | L23: 5 | M23: 45514 | N23: AE
A24: 1111 | B24: 45504 | E24: Mastite clinica | I24: 5 | K24: 45508 | L24: 3 | M24: 45512 | N24: AE | O24: AD | P24: PE | Q24: PD
A25: 1810 | B25: 45504 | E25: Mastite clinica | I25: 5 | K25: 45509 | L25: 3 | M25: 45512 | Q25: PD
A26: 2745 | B26: 45504 | E26: Promash | I26: 6 | K26: 45508 | L26: 3 | M26: 45513 | N26: AE | O26: AD | P26: PE | Q26: PD
A27: 3637 | B27: 45504 | E27: Mastgen | I27: 5 | K27: 45508 | L27: 3 | M27: 45512 | O27: AD
A28: 3467 | B28: 45504 | E28: Mastite clinica | F28: Mastite clinica | G28: Mastite clinica | H28: Mastite clinica | I28: 5 | K28: 45509 | L28: 3 | M28: 45512 | Q28: PD
A29: 1066 | B29: 45505 | E29: Mastite clinica | I29: 5 | K29: 45509 | L29: 3 | M29: 45513 | Q29: PD
A30: 2513 | B30: 45505 | E30: Mastite clinica | I30: 5 | K30: 45509 | L30: 3 | M30: 45513 | O30: AD
A31: 873 | B31: 45505 | E31: Mastgen | I31: 5 | K31: 45509 | L31: 3 | M31: 45513 | N31: AE | O31: AD | P31: PE | Q31: PD
A32: 2879 | B32: 45505 | E32: Mastgen | I32: 5 | K32: 45510 | L32: 3 | M32: 45513 | O32: AD
A33: 859 | B33: 45506 | E33: Mastite clinica | I33: 5 | K33: 45508 | L33: 3 | M33: 45514 | O33: AD
A34: 3079 | B34: 45506 | E34: Mastite clinica | I34: 3 | K34: 45510 | L34: 3 | M34: 45512 | N34: AE
A35: 1226 | B35: 45511 | E35: Promastic | I35: 5 | K35: 45510 | L35: 3 | M35: 45514 | O35: AD | Q35: PD
A36: 3034 | B36: 45511 | E36: Mastgen | I36: 5 | K36: 45510 | L36: 3 | M36: 45514 | N36: AE
A37: 2959 | B37: 45511 | E37: Promastic | I37: 5 | K37: 45510 | L37: 3 | M37: 45514 | P37: PE | Q37: PD
A38: 848 | B38: 45506 | E38: Mastite clinica | I38: 5 | K38: 45510 | L38: 3 | M38: 45514 | Q38: PD
A39: 3012 | B39: 45507 | E39: Rilexine | I39: 5 | K39: 45511 | L39: 5 | M39: 45517 | O39: AD
A40: 3819 | B40: 45507 | E40: Mastgen | I40: 5 | K40: 45511 | L40: 3 | M40: 45515 | Q40: PD
A41: 2740 | B41: 45508 | E41: Promastic | I41: 5 | K41: 45512 | L41: 3 | M41: 45516 | N41: AE | O41: AD | Q41: PD
A42: 3490 | B42: 45508 | E42: Mastite clinica | I42: 5 | K42: 45512 | L42: 3 | M42: 45516 | N42: AE
A43: 3051 | B43: 45508 | E43: Mastite clinica | I43: 6 | K43: 45513 | L43: 3 | M43: 45517 | Q43: PD
A44: 2229 | B44: 45509 | E44: Mastite clinica | I44: 5 | K44: 45513 | L44: 3 | M44: 45517 | O44: AD | Q44: PD
A45: 1810 | B45: 45510 | E45: Mastite clinica | I45: 5 | K45: 45514 | L45: 3 | M45: 45518 | Q45: PD
A46: 2345 | B46: 45510 | E46: Mastite clinica | I46: 5 | K46: 45514 | L46: 3 | M46: 45518 | Q46: PD
A47: 3668 | B47: 45510 | E47: Rilexine | I47: 5 | K47: 45514 | L47: 5 | M47: 45520 | Q47: PD
A48: 2550 | B48: 45510 | E48: Mastite clinica | I48: 5 | K48: 45514 | L48: 3 | M48: 45518 | Q48: PD
A49: 1151 | B49: 45510 | E49: Promastic | I49: 5 | K49: 45514 | L49: 3 | M49: 45518 | N49: AE
A50: 3051 | B50: 45510 | E50: Promastic | I50: 5 | K50: 45514 | L50: 3 | M50: 45518 | N50: AE | Q50: PD
A51: 1810 | B51: 45510 | E51: Promastic | I51: 5 | K51: 45514 | L51: 3 | M51: 45518 | P51: PE | Q51: PD
A52: 2580 | B52: 45510 | E52: Mastite clinica | I52: 5 | K52: 45514 | L52: 3 | M52: 45518 | N52: AE
A53: 2075 | B53: 45511 | E53: Mastite clinica | I53: 5 | K53: 45515 | L53: 3 | M53: 45518 | O53: AD
A54: 3106 | B54: 45511 | E54: Mastite clinica | I54: 5 | K54: 45515 | L54: 3 | M54: 45519 | P54: PE
A55: 2696 | B55: 45511 | E55: Mastite clinica | I55: 5 | K55: 45515 | L55: 3 | M55: 45519 | Q55: PD
A56: 2740 | B56: 45511 | E56: Mastite clinica | I56: 5 | K56: 45515 | L56: 3 | M56: 45519 | Q56: PD
A57: 2229 | B57: 45511 | E57: Promastic | I57: 5 | K57: 45515 | L57: 3 | M57: 45519 | O57: AD | Q57: PD
A58: 3673 | B58: 45511 | E58: Mastite clinica | I58: 5 | K58: 45515 | L58: 3 | M58: 45519 | Q58: PD
A59: 1066 | B59: 45512 | E59: Rilexine | I59: 5 | K59: 45516 | L59: 5 | M59: 45522 | Q59: PD
A60: 3479 | B60: 45512 | E60: Mastite clinica | I60: 5 | K60: 45516 | L60: 3 | M60: 45520 | N60: AE
A61: 3437 | B61: 45513 | E61: Mastite clinica | I61: 5 | K61: 45516 | L61: 3 | M61: 45520 | P61: PE
A62: 3034 | B62: 45513 | E62: Promastic | I62: 5 | K62: 45517 | L62: 3 | M62: 45521 | O62: AD
A63: 2944 | B63: 45515 | E63: Promastic | I63: 5 | K63: 45519 | L63: 3 | M63: 45523 | O63: AD | P63: PE | Q63: PD
A64: 3730 | B64: 45517 | E64: Mastite clinica | I64: 5 | K64: 45531 | L64: 3 | M64: 45526 | N64: AE
A65: 3034 | B65: 45517 | E65: Ubrolexin | I65: 5 | K65: 45531 | L65: 5 | M65: 45527 | O65: AD
A66: 2959 | B66: 45517 | E66: Promastic | I66: 5 | K66: 45531 | L66: 3 | M66: 45527 | Q66: PD
A67: 3051 | B67: 45517 | E67: Promastic | I67: 5 | K67: 45531 | L67: 3 | M67: 45527 | Q67: PD
A68: 2229 | B68: 45517 | E68: Promastic | I68: 5 | K68: 45531 | L68: 3 | M68: 45525 | Q68: PD
A69: 3490 | B69: 45517 | E69: Promastic | I69: 5 | K69: 45531 | L69: 3 | M69: 45525 | N69: AE
A70: 1810 | B70: 45517 | E70: Promastic | I70: 5 | K70: 45531 | L70: 3 | M70: 45525 | Q70: PD
A71: 2341 | B71: 45517 | E71: Mastite clinica | I71: 5 | K71: 45531 | L71: 3 | M71: 45525 | P71: PE
A72: 3021 | B72: 45518 | E72: Promastic | I72: 5 | K72: 45522 | L72: 3 | M72: 45525 | N72: AE | Q72: PD
A73: 2882 | B73: 45518 | E73: Mastite clinica | I73: 5 | K73: 45522 | L73: 3 | M73: 45526 | N73: AE
A74: 3012 | B74: 45518 | E74: Ubrolexin | I74: 5 | K74: 45522 | L74: 5 | M74: 45528 | O74: AD
A75: 3668 | B75: 45518 | E75: Ubrolexin | I75: 5 | K75: 45522 | L75: 5 | M75: 45528 | Q75: PD
A76: 2580 | B76: 45518 | E76: Promastic | I76: 5 | K76: 45522 | L76: 3 | M76: 45526 | N76: AE
A77: 2740 | B77: 45518 | E77: Masticlin | I77: 5 | K77: 45522 | L77: 3 | M77: 45522 | Q77: PD
A78: 2740 | B78: 45518 | E78: Masticlin | I78: 5 | K78: 45522 | L78: 3 | M78: 45525 | Q78: PD
A79: 3918 | B79: 45519 | E79: Mastite clinica | I79: 5 | K79: 45523 | L79: 3 | M79: 45527 | Q79: PD
A80: 2218 | B80: 45520 | E80: Mastite clinica | I80: 5 | K80: 45524 | L80: 3 | M80: 45528 | P80: PE
A81: 764 | B81: 45520 | E81: Mastite clinica | I81: 5 | K81: 45524 | L81: 3 | M81: 45528 | O81: AD | Q81: PD
A82: 2583 | B82: 45520 | E82: Mastite clinica | I82: 5 | K82: 45524 | L82: 3 | M82: 45528 | O82: AD
A83: 3735 | B83: 45521 | E83: Mastite clinica | I83: 5 | K83: 45525 | L83: 3 | M83: 45529 | O83: AD | P83: PE | Q83: PD
A84: 3399 | B84: 45521 | E84: Mastite clinica | I84: 5 | K84: 45525 | L84: 3 | M84: 45529 | P84: PE
A85: 3918 | B85: 45521 | E85: Rilexine | I85: 5 | K85: 45525 | L85: 5 | M85: 45531 | O85: AD | Q85: PD
A86: 3702 | B86: 45522 | E86: Mastite clinica | I86: 5 | K86: 45526 | L86: 3 | M86: 45530 | P86: PE
A87: 3051 | B87: 45522 | E87: Rilexine | I87: 5 | K87: 45526 | L87: 5 | M87: 45532 | P87: PE
A88: 2229 | B88: 45522 | E88: Promastic | I88: 5 | K88: 45526 | L88: 3 | M88: 45530 | P88: PE | Q88: PD
A89: 1066 | B89: 45522 | E89: Promastic | I89: 5 | K89: 45526 | L89: 3 | M89: 45530 | Q89: PD
A90: 3422 | B90: 45524 | E90: Mastite clinica | I90: 5 | K90: 45528 | L90: 3 | M90: 45532 | N90: AE
A91: 4055 | B91: 45524 | E91: Mastite clinica | I91: 5 | K91: 45528 | L91: 3 | M91: 45532 | Q91: PD
A92: 2892 | B92: 45525 | E92: Mastite clinica | I92: 5 | K92: 45529 | L92: 3 | M92: 45533 | Q92: PD
A93: 1810 | B93: 45525 | E93: Ubrolexin | I93: 5 | K93: 45529 | L93: 5 | M93: 45535 | Q93: PD
A94: 3012 | B94: 45525 | E94: Promastic | I94: 5 | K94: 45529 | L94: 3 | M94: 45533 | Q94: PD
A95: 3021 | B95: 45525 | E95: Mastigem | I95: 5 | K95: 45529 | L95: 5 | M95: 45535 | N95: AE | P95: PE | Q95: PD
A96: 3720 | B96: 45525 | E96: Mastite clinica | I96: 5 | K96: 45529 | L96: 3 | M96: 45533 | Q96: PD
A97: 1849 | B97: 45525 | E97: Mastite clinica | I97: 5 | K97: 45529 | L97: 3 | M97: 45533 | O97: AD | Q97: PD
A98: 4200 | B98: 45526 | E98: Mastite clinica | I98: 5 | K98: 45530 | L98: 3 | M98: 45534 | N98: AE
A99: 3918 | B99: 45527 | E99: Promastic | I99: 5 | K99: 45531 | L99: 4 | M99: 45536 | N99: AE
A100: 2580 | B100: 45528 | E100: Vetmax | I100: 5 | K100: 45532 | L100: 4 | M100: 45537 | N100: AE | O100: AD | P100: PE | Q100: PD
...

Sheet 2023
A1: VACA | B1: INÍCIO TRATAMENTO | C1: INTRAMÁMARIO | D1: DIAS APLICAÇÃO
A2: 1354 | B2: 44927 | C2: mastijet | D2: 3 | E2: 44929 | F2: 9 | G2: 44939 | J2: PE
A3: 1613 | B3: 44927 | C3: mastijet | D3: 5 | E3: 44931 | F3: 9 | G3: 44941 | I3: AD
A4: 2781 | B4: 44927 | C4: mastijet | D4: 5 | E4: 44931 | F4: 9 | G4: 44941 | K4: PD
A5: 3094 | B5: 44927 | C5: ciprolac | D5: 5 | E5: 44931 | F5: 3 | G5: 44935 | J5: PE
A6: 456 | B6: 44929 | C6: mastijet | D6: 5 | E6: 44933 | F6: 9 | G6: 44943 | I6: AD
A7: 1786 | B7: 44929 | C7: vetmax | D7: 5 | E7: 44933 | F7: 9 | G7: 44943 | H7: AE | J7: PE
A8: 1899 | B8: 44929 | C8: vetimax | D8: 5 | E8: 44933 | F8: 4 | G8: 44938 | I8: AD
A9: 1059 | B9: 44930 | C9: mastijet | D9: 3 | E9: 44932 | F9: 9 | G9: 44942 | I9: AD
A10: 1848 | B10: 44930 | C10: vetimax | D10: 5 | E10: 44934 | F10: 4 | G10: 44939 | K10: PD
A11: 2271 | B11: 44930 | C11: mastite clinica | D11: 5 | E11: 44934 | F11: 3 | G11: 44938 | I11: AD
A12: 2568 | B12: 44930 | C12: mastite clinica | D12: 5 | E12: 44934 | F12: 3 | G12: 44938 | H12: AE | I12: AD
A13: 3093 | B13: 44930 | C13: mastijet | D13: 3 | E13: 44932 | F13: 9 | G13: 44942 | H13: AE | J13: PE
A14: 1630 | B14: 44931 | C14: vetmax | D14: 5 | E14: 44935 | F14: 4 | G14: 44940 | K14: PD
A15: 1871 | B15: 44931 | C15: mastite clinica | D15: 5 | E15: 44935 | F15: 3 | G15: 44939 | H15: AE | I15: AD
A16: 2115 | B16: 44931 | C16: mastite clinica | D16: 5 | E16: 44935 | F16: 3 | G16: 44939 | I16: AD
A17: 2225 | B17: 44931 | C17: vetmax | D17: 5 | E17: 44935 | F17: 4 | G17: 44940 | I17: AD
A18: 3323 | B18: 44931 | C18: mastijet | D18: 5 | E18: 44935 | F18: 9 | G18: 44945 | K18: PD
A19: 154 | B19: 44932 | C19: ciprolac | D19: 5 | E19: 44936 | F19: 3 | G19: 44940 | H19: AE
A20: 993 | B20: 44932 | C20: mastijet | D20: 5 | E20: 44936 | F20: 9 | G20: 44946 | H20: AE
A21: 1874 | B21: 44932 | C21: mastijet | D21: 5 | E21: 44936 | F21: 9 | G21: 44946 | K21: PD
A22: 2440 | B22: 44932 | C22: ciprolac | D22: 5 | E22: 44936 | F22: 3 | G22: 44940 | H22: AE
A23: 1119 | B23: 44934 | C23: mastijet | D23: 5 | E23: 44938 | F23: 9 | G23: 44948 | K23: PD
A24: 1216 | B24: 44934 | C24: vetimax | D24: 5 | E24: 44938 | F24: 4 | G24: 44943 | I24: AD
A25: 2506 | B25: 44934 | C25: mastite clinica | D25: 5 | E25: 44938 | F25: 3 | G25: 44942 | I25: AD
A26: 2793 | B26: 44934 | C26: mastijet | D26: 5 | E26: 44938 | F26: 9 | G26: 44948 | I26: AD
A27: 194 | B27: 44935 | C27: mastijet | D27: 5 | E27: 44939 | F27: 9 | G27: 44949 | H27: AE
A28: 1059 | B28: 44935 | C28: newmast | D28: 5 | E28: 44939 | F28: 3 | G28: 44943 | I28: AD
A29: 1458 | B29: 44935 | C29: vetimax | D29: 3 | E29: 44937 | F29: 4 | G29: 44942 | J29: PE
A30: 2054 | B30: 44935 | C30: mastijet | D30: 5 | E30: 44939 | F30: 9 | G30: 44949 | H30: AE
A31: 2271 | B31: 44935 | C31: mastijet | D31: 5 | E31: 44939 | F31: 9 | G31: 44949 | I31: AD
A32: 2907 | B32: 44935 | C32: vetimax | D32: 5 | E32: 44939 | F32: 4 | G32: 44944 | H32: AE
A33: 3074 | B33: 44935 | C33: vetimax | D33: 5 | E33: 44939 | F33: 4 | G33: 44944 | J33: PE
A34: 3093 | B34: 44935 | C34: newmast | D34: 5 | E34: 44939 | F34: 3 | G34: 44943 | J34: PE
A35: 10 | B35: 44937 | C35: mastijet | D35: 5 | E35: 44941 | F35: 9 | G35: 44951 | H35: AE | J35: PE
A36: 1894 | B36: 44937 | C36: mastijet | D36: 5 | E36: 44941 | F36: 9 | G36: 44951 | K36: PD
A37: 2225 | B37: 44938 | C37: vetimax | D37: 5 | E37: 44942 | F37: 4 | G37: 44947 | I37: AD
A38: 3395 | B38: 44939 | C38: mastijet | D38: 5 | E38: 44943 | F38: 9 | G38: 44953 | J38: PE
A39: 1630 | B39: 44940 | C39: newmast | D39: 5 | E39: 44944 | F39: 3 | G39: 44948 | K39: PD
A40: 1662 | B40: 44940 | C40: mastijet | D40: 5 | E40: 44944 | F40: 9 | G40: 44954 | J40: PE
A41: 1780 | B41: 44940 | C41: mastijet | D41: 5 | E41: 44944 | F41: 9 | G41: 44954 | H41: AE
A42: 1866 | B42: 44940 | C42: ciprolac | D42: 5 | E42: 44944 | F42: 3 | G42: 44948 | K42: PD
A43: 2225 | B43: 44940 | C43: mastite clinica | D43: 5 | E43: 44944 | F43: 3 | G43: 44948 | I43: AD
A44: 2793 | B44: 44940 | C44: mastite clinica | D44: 5 | E44: 44944 | F44: 3 | G44: 44948 | I44: AD
A45: 3093 | B45: 44940 | C45: mastite clinica | D45: 5 | E45: 44944 | F45: 3 | G45: 44948 | J45: PE
A46: 2506 | B46: 44942 | C46: mastijet | D46: 5 | E46: 44946 | F46: 9 | G46: 44956 | J46: PE
A47: 1193 | B47: 44943 | C47: mastijet | D47: 5 | E47: 44947 | F47: 9 | G47: 44957 | K47: PD
A48: 1216 | B48: 44943 | C48: mastijet | D48: 5 | E48: 44947 | F48: 9 | G48: 44957 | K48: PD
A49: 3407 | B49: 44943 | C49: ciprolac | D49: 5 | E49: 44947 | F49: 3 | G49: 44951 | J49: PE
A50: 1826 | B50: 44944 | C50: vetimax | D50: 8 | E50: 44951 | F50: 4 | G50: 44956 | J50: PE
A51: 2115 | B51: 44944 | C51: mastite clinica | D51: 8 | E51: 44951 | F51: 3 | G51: 44955 | I51: AD
A52: 2415 | B52: 44944 | C52: ciprolac | D52: 4 | E52: 44947 | F52: 3 | G52: 44951 | H52: AE
A53: 2979 | B53: 44944 | C53: mastijet | D53: 5 | E53: 44948 | F53: 9 | G53: 44958 | K53: PD
A54: 3232 | B54: 44944 | C54: mastijet | D54: 6 | E54: 44949 | F54: 9 | G54: 44959 | H54: AE
A55: 3305 | B55: 44944 | C55: mastijet | D55: 6 | E55: 44949 | F55: 9 | G55: 44959 | H55: AE
A56: 3335 | B56: 44944 | C56: ciprolac | D56: 4 | E56: 44947 | F56: 3 | G56: 44951 | J56: PE
A57: 41 | B57: 44945 | C57: mastijet | D57: 5 | E57: 44949 | F57: 9 | G57: 44960 | I57: AD
A58: 1041 | B58: 44945 | C58: ciprolac | D58: 5 | E58: 44949 | F58: 3 | G58: 44953 | H58: AE
A59: 1618 | B59: 44945 | C59: mastite clinica | D59: 8 | E59: 44952 | F59: 3 | G59: 44956 | I59: AD
A60: 2275 | B60: 44945 | C60: ciprolac | D60: 5 | E60: 44949 | F60: 3 | G60: 44953 | K60: PD
A61: 2354 | B61: 44945 | C61: mastite clinica | D61: 8 | E61: 44952 | F61: 3 | G61: 44956 | J61: PE
A62: 2468 | B62: 44945 | C62: mastijet | D62: 5 | E62: 44949 | F62: 9 | G62: 44959 | J62: PE
A63: 2544 | B63: 44945 | C63: mastijet | D63: 5 | E63: 44949 | F63: 9 | G63: 44959 | H63: AE
A64: 2663 | B64: 44945 | C64: mastite clinica | D64: 8 | E64: 44952 | F64: 3 | G64: 44956 | J64: PE
A65: 3114 | B65: 44945 | C65: vetimax | D65: 3 | E65: 44947 | F65: 4 | G65: 44952 | J65: PE
A66: 3193 | B66: 44945 | C66: mastijet | D66: 5 | E66: 44949 | F66: 9 | G66: 44960 | H66: AE
A67: 10 | B67: 44947 | C67: vetimax | D67: 5 | E67: 44951 | F67: 3 | G67: 44955 | H67: AE
A68: 2301 | B68: 44947 | C68: mastijet | D68: 5 | E68: 44951 | F68: 9 | G68: 44961 | H68: AE
A69: 457 | B69: 44948 | C69: mastijet | D69: 5 | E69: 44952 | F69: 9 | G69: 44961 | J69: PE
A70: 1116 | B70: 44948 | C70: mastijet | D70: 5 | E70: 44952 | F70: 9 | G70: 44961 | K70: PD
A71: 2253 | B71: 44948 | C71: mastite clinica | D71: 5 | E71: 44952 | F71: 3 | G71: 30/02/2023 | H71: AE
A72: 2897 | B72: 44948 | C72: mastijet | D72: 5 | E72: 44952 | F72: 9 | G72: 44962 | H72: AE
A73: 1728 | B73: 44950 | C73: mastijet | D73: 5 | E73: 44954 | F73: 9 | G73: 44964 | H73: AE
A74: 2267 | B74: 44950 | C74: mastijet | D74: 5 | E74: 44954 | F74: 9 | G74: 44964 | J74: PE
A75: 2643 | B75: 44950 | C75: mastite clinica | D75: 5 | E75: 44954 | F75: 3 | G75: 44958 | I75: AD
A76: 783 | B76: 44951 | C76: mastite clinica | D76: 5 | E76: 44955 | F76: 3 | G76: 44959 | H76: AE
A77: 2071 | B77: 44951 | C77: mastite clinica | D77: 5 | E77: 44955 | F77: 3 | G77: 44959 | H77: AE
A78: 2315 | B78: 44951 | C78: mastite clinica | D78: 5 | E78: 44955 | F78: 3 | G78: 44959 | I78: AD | J78: PE
A79: 2415 | B79: 44951 | C79: mastite clinica | D79: 5 | E79: 44955 | F79: 3 | G79: 44959 | I79: AD | J79: PE
A80: 2479 | B80: 44951 | C80: mastijet | D80: 5 | E80: 44955 | F80: 9 | G80: 44965 | K80: PD
A81: 2579 | B81: 44951 | C81: mastite clinica | D81: 5 | E81: 44955 | F81: 3 | G81: 44959 | J81: PE
A82: 1618 | B82: 44952 | C82: mastijet | D82: 3 | E82: 44954 | F82: 9 | G82: 44964 | I82: AD
A83: 2072 | B83: 44952 | C83: mastijet | D83: 5 | E83: 44956 | F83: 9 | G83: 44966 | K83: PD
A84: 2678 | B84: 44952 | C84: mastite clinica | D84: 5 | E84: 44956 | F84: 3 | G84: 44960 | H84: AE | J84: PE | K84: PD
A85: 1216 | B85: 44953 | C85: mastijet | D85: 5 | E85: 44957 | F85: 9 | G85: 44967 | H85: AE
A86: 2601 | B86: 44953 | C86: mastijet | D86: 5 | E86: 44957 | F86: 9 | G86: 44967 | H86: AE | I86: AD
A87: 2609 | B87: 44953 | C87: mastite clinica | D87: 5 | E87: 44957 | F87: 3 | G87: 44961 | H87: AE | I87: AD
A88: 2897 | B88: 44953 | C88: mastijet | D88: 5 | E88: 44957 | F88: 9 | G88: 44966 | H88: AE | I88: AD | J88: PE
A89: 1791 | B89: 44954 | C89: ciprolac | D89: 5 | E89: 44958 | F89: 3 | G89: 44962 | I89: AD
A90: 1791 | B90: 44954 | C90: mastijet | D90: 5 | E90: 44958 | F90: 9 | G90: 44968 | I90: AD
A91: 2210 | B91: 44954 | C91: mastijet | D91: 5 | E91: 44958 | F91: 9 | G91: 11/012/2023 | J91: PE
A92: 2575 | B92: 44954 | C92: mastijet | D92: 5 | E92: 44958 | F92: 9 | G92: 44968 | I92: AD
A93: 1041 | B93: 44955 | C93: mastijet | D93: 5 | E93: 44959 | F93: 9 | G93: 44969 | H93: AE | J93: PE
A94: 1861 | B94: 44955 | C94: mastijet | D94: 5 | E94: 44959 | F94: 9 | G94: 44969 | I94: AD | K94: PD
A95: 2155 | B95: 44955 | C95: mastite clinica
A96: 3317 | B96: 44955 | C96: mastijet | D96: 5 | E96: 44959 | F96: 9 | G96: 44969 | J96: PE
A97: 1072 | B97: 44956 | C97: mastijet | D97: 5 | E97: 44962 | F97: 9 | G97: 13/02/2023 | H97: AE
A98: 1193 | B98: 44956 | C98: mastite clínica | D98: 5 | E98: 44960 | F98: 3 | G98: 44964 | H98: AE
A99: 2532 | B99: 44956 | C99: mastijet | D99: 5 | E99: 44960 | F99: 9 | G99: 44970 | H99: AE
A100: 2532 | B100: 44956 | C100: mastIjet | D100: 5 | E100: 44960 | F100: 9 | G100: 44970 | J100: PE
...

Sheet 2024
A1: VACA | B1: INÍCIO TRATAMENTO | D1: INTRAMAMÁRIO | F1: DIAS APLICAÇÃO | H1: FINAL TRATAMENTO | I1: CARÊNCIA | J1: FINAL TRATAMENTO | K1: TETO EM TRATAMENTO
A2: 1206 | B2: 45294 | D2: Mastite clinica | F2: 5 | H2: 45298 | I2: 3 | J2: 45302 | M2: PE
A3: 3031 | B3: 45294 | D3: Mastite clinica | F3: 5 | H3: 45298 | I3: 3 | J3: 45302 | K3: AE | L3: AD | M3: PE | N3: PD
A4: 2108 | B4: 45295 | D4: Ubrolexin | F4: 5 | H4: 45299 | I4: 5 | J4: 45305 | L4: AD | M4: PE
A5: 573 | B5: 45295 | D5: Mastite clinica | F5: 5 | H5: 45299 | I5: 3 | J5: 45303 | M5: PE
A6: 3172 | B6: 45295 | D6: Mastite clinica | F6: 5 | H6: 45299 | I6: 3 | J6: 45303 | K6: AE
A7: 3307 | B7: 45296 | D7: Ubrolexin | F7: 5 | H7: 45300 | I7: 5 | J7: 45306 | K7: AE
A8: 2020 | B8: 45296 | D8: Mastite clinica | F8: 5 | H8: 45300 | I8: 3 | J8: 45304 | K8: AE | L8: AD
A9: 2238 | B9: 45296 | D9: Mastite clinica | F9: 5 | H9: 45300 | I9: 3 | J9: 45304 | K9: AE | L9: AD | M9: PE | N9: PD
A10: 2716 | B10: 45296 | D10: Mastite clinica | F10: 5 | H10: 45300 | I10: 3 | J10: 45304 | K10: AE | L10: AD | N10: PD
A11: 3054 | B11: 45296 | D11: Mastite clinica | F11: 5 | H11: 45300 | I11: 3 | J11: 45304 | K11: AE | N11: PD
A12: 1180 | B12: 45296 | D12: Mastite clinica | F12: 5 | H12: 45300 | I12: 3 | J12: 45304 | L12: AD | N12: PD
A13: 3568 | B13: 45296 | D13: Mastite clinica | F13: 5 | H13: 45300 | I13: 3 | J13: 45304 | K13: AE | L13: AD | N13: PD
A14: 3309 | B14: 45296 | D14: Masticlim | F14: 5 | H14: 45300 | I14: 3 | J14: 45304 | N14: PD
A15: 2943 | B15: 45297 | D15: Mastite clinica | F15: 5 | H15: 45301 | I15: 3 | J15: 45305 | N15: PD
A16: 583 | B16: 45297 | D16: Mastite clinica | F16: 5 | H16: 45301 | I16: 3 | J16: 45305 | K16: AE
A17: 2791 | B17: 45297 | D17: Ubrolexin | F17: 5 | H17: 45301 | I17: 5 | J17: 45307 | K17: AE
A18: 2518 | B18: 45299 | D18: Mastite clinica | F18: 5 | H18: 45303 | I18: 3 | J18: 45307 | K18: AE | L18: AD
A19: 3065 | B19: 45299 | D19: Mastite clinica | F19: 5 | H19: 45303 | I19: 3 | J19: 45307 | L19: AD
A20: 2512 | B20: 45300 | D20: Mastite clinica | F20: 5 | H20: 45304 | I20: 3 | J20: 45308 | K20: AE | M20: PE | N20: PD
A21: 3055 | B21: 45301 | D21: Masticlim | F21: 5 | H21: 45305 | I21: 3 | J21: 45309 | L21: AD
A22: 2276 | B22: 45301 | D22: Masticlim | F22: 5 | H22: 45305 | I22: 3 | J22: 45309 | K22: AE | M22: PE | N22: PD
A23: 2917 | B23: 45301 | D23: Mastite clinica | F23: 5 | H23: 45305 | I23: 3 | J23: 45309 | L23: AD
A24: 2020 | B24: 45302 | D24: Masticlim | F24: 5 | H24: 45306 | I24: 3 | J24: 45310 | K24: AE
A25: 513 | B25: 45302 | D25: Masticlim | F25: 5 | H25: 45306 | I25: 3 | J25: 45310 | M25: PE
A26: 3568 | B26: 45302 | D26: Masticlim | F26: 5 | H26: 45306 | I26: 3 | J26: 45310 | K26: AE | L26: AD | M26: PE | N26: PD
A27: 2789 | B27: 45302 | D27: Mastite clinica | F27: 5 | H27: 45306 | I27: 3 | J27: 45310 | M27: PE
A28: 588 | B28: 45302 | D28: Masticlim | F28: 5 | H28: 45306 | I28: 3 | J28: 45310 | M28: PE | N28: PD
A29: 1180 | B29: 45304 | D29: Ubrolexin | F29: 5 | H29: 45308 | I29: 5 | J29: 45314 | L29: AD
A30: 1208 | B30: 45304 | D30: Mastite clinica | F30: 5 | H30: 45308 | I30: 3 | J30: 45312 | K30: AE | N30: PD
A31: 1166 | B31: 45304 | D31: Mastite clinica | F31: 5 | H31: 45308 | I31: 3 | J31: 45312 | N31: PD
A32: 2933 | B32: 45304 | D32: Mastite clinica | F32: 5 | H32: 45308 | I32: 3 | J32: 45312 | K32: AE
A33: 583 | B33: 45304 | D33: Mastijet | F33: 5 | H33: 45308 | I33: 9 | J33: 45318 | K33: AE
A34: 3368 | B34: 45304 | D34: Mastijet | F34: 5 | H34: 45308 | I34: 9 | J34: 45318 | K34: AE
A35: 2594 | B35: 45304 | D35: Cobactam | F35: 5 | H35: 45308 | I35: 3 | J35: 45312 | K35: AE | L35: AD | N35: PD
A36: 588 | B36: 45304 | D36: Mastijet | F36: 5 | H36: 45308 | I36: 9 | J36: 45318 | M36: PE | N36: PD
A37: 2716 | B37: 45307 | D37: Mastite clinica | F37: 5 | H37: 45311 | I37: 3 | J37: 45315 | K37: AE | L37: AD
A38: 2410 | B38: 45307 | D38: Mastite clinica | F38: 5 | H38: 45311 | I38: 3 | J38: 45315 | K38: AE
A39: 1206 | B39: 45307 | D39: vetimax | F39: 5 | H39: 45311 | I39: 3 | J39: 45315 | K39: AE
A40: 2276 | B40: 45307 | D40: vetimax | F40: 5 | H40: 45311 | I40: 3 | J40: 45315 | K40: AE | L40: AD | M40: PE | N40: PD
A41: 3568 | B41: 45307 | D41: vetimax | F41: 5 | H41: 45311 | I41: 3 | J41: 45315 | K41: AE | L41: AD | M41: PE | N41: PD
A42: 513 | B42: 45307 | D42: Masticlim | F42: 5 | H42: 45311 | I42: 3 | J42: 45315 | K42: AE | M42: PE
A43: 3031 | B43: 45307 | D43: Masticlim | F43: 5 | H43: 45311 | I43: 3 | J43: 45315 | M43: PE | N43: PD
A44: 2914 | B44: 45307 | D44: Masticlim | F44: 5 | H44: 45311 | I44: 3 | J44: 45315 | K44: AE | L44: AD | N44: PD
A45: 3350 | B45: 45307 | D45: Masticlim | F45: 4 | H45: 45310 | I45: 3 | J45: 45314 | M45: PE | N45: PD
A46: 1780 | B46: 45307 | D46: Masticlim | F46: 4 | H46: 45310 | I46: 3 | J46: 45314 | L46: AD | M46: PE
A47: 2238 | B47: 45307 | D47: Masticlim | F47: 4 | H47: 45310 | I47: 3 | J47: 45314 | K47: AE | L47: AD | M47: PE
A48: 3019 | B48: 45307 | D48: Masticlim | F48: 4 | H48: 45310 | I48: 3 | J48: 45314 | N48: PD
A49: 3446 | B49: 45307 | D49: Masticlim | F49: 4 | H49: 45310 | I49: 3 | J49: 45314 | L49: AD | N49: PD
A50: 2445 | B50: 45307 | D50: Masticlim | F50: 4 | H50: 45310 | I50: 3 | J50: 45314 | L50: AD
A51: 2706 | B51: 45307 | D51: Masticlim | F51: 4 | H51: 45310 | I51: 3 | J51: 45314 | L51: AD | N51: PD
A52: 3266 | B52: 45307 | D52: Masticlim | F52: 4 | H52: 45310 | I52: 3 | J52: 45314 | M52: PE
A53: 577 | B53: 45307 | D53: Masticlim | F53: 4 | H53: 45310 | I53: 3 | J53: 45314 | M53: PE | N53: PD
A54: 2310 | B54: 45308 | D54: Mastite clinica | F54: 5 | H54: 45312 | I54: 3 | J54: 45316 | L54: AD | M54: PE | N54: PD
A55: 2949 | B55: 45309 | D55: Masticlim | F55: 4 | H55: 45312 | I55: 3 | J55: 45316 | K55: AE
A56: 3493 | B56: 45310 | D56: Mastite clinica | F56: 5 | H56: 45314 | I56: 3 | J56: 45318 | M56: PE
A57: 2020 | B57: 45310 | D57: Masticlim | F57: 5 | H57: 45314 | I57: 3 | J57: 45318 | L57: AD | M57: PE | N57: PD
A58: 2905 | B58: 45310 | D58: Mastite clinica | F58: 5 | H58: 45314 | I58: 3 | J58: 45318 | K58: AE
A59: 3398 | B59: 45311 | D59: Mastite clinica | F59: 5 | H59: 45315 | I59: 3 | J59: 45319 | M59: PE
A60: 3065 | B60: 45311 | D60: Mastite clinica | F60: 5 | H60: 45315 | I60: 3 | J60: 45319 | M60: PE | N60: PD
A61: 1208 | B61: 45311 | D61: Masticlim | F61: 5 | H61: 45315 | I61: 3 | J61: 45319 | N61: PD
A62: 2789 | B62: 45311 | D62: Masticlim | F62: 5 | H62: 45315 | I62: 3 | J62: 45319 | K62: AE | N62: PD
A63: 1166 | B63: 45311 | D63: Masticlim | F63: 5 | H63: 45315 | I63: 3 | J63: 45319 | N63: PD
A64: 583 | B64: 45311 | D64: vetimax | F64: 5 | H64: 45315 | I64: 3 | J64: 45319 | K64: AE | M64: PE
A65: 3031 | B65: 45311 | D65: vetimax | F65: 5 | H65: 45315 | I65: 3 | J65: 45319 | M65: PE | N65: PD
A66: 2917 | B66: 45312 | D66: Ubrolexin | F66: 5 | H66: 45316 | I66: 5 | J66: 45322 | L66: AD
A67: 3063 | B67: 45313 | D67: Mastite clinica | F67: 5 | H67: 45317 | I67: 3 | J67: 45321 | L67: AD
A68: 2188 | B68: 45313 | D68: Mastite clinica | F68: 5 | H68: 45317 | I68: 3 | J68: 45321 | L68: AD
A69: 3061 | B69: 45313 | D69: Mastite clinica | F69: 5 | H69: 45317 | I69: 3 | J69: 45321 | K69: AE | N69: PD
A70: 194 | B70: 45313 | D70: Mastite clinica | F70: 5 | H70: 45317 | I70: 3 | J70: 45321 | K70: AE | L70: AD | N70: PD
A71: 1180 | B71: 45314 | D71: Masticlim | F71: 5 | H71: 45318 | I71: 3 | J71: 45322 | L71: AD
A72: 2706 | B72: 45314 | D72: vetimax | F72: 5 | H72: 45318 | I72: 3 | J72: 45322 | N72: PD
A73: 2186 | B73: 45314 | D73: Mastite clinica | F73: 5 | H73: 45318 | I73: 3 | J73: 45322 | M73: PE
A74: 2933 | B74: 45314 | D74: Mastite clinica | F74: 5 | H74: 45318 | I74: 3 | J74: 45322 | K74: AE
A75: 3568 | B75: 45315 | D75: Ubrolexin | F75: 5 | H75: 45319 | I75: 5 | J75: 45325 | L75: AD | N75: PD
A76: 2410 | B76: 45315 | D76: Ubrolexin | F76: 5 | H76: 45319 | I76: 5 | J76: 45325 | K76: AE
A77: 2238 | B77: 45315 | D77: Mastijet | F77: 5 | H77: 45319 | I77: 9 | J77: 45329 | K77: AE | L77: AD | M77: PE
A78: 805 | B78: 45315 | D78: Ubrolexin | F78: 5 | H78: 45319 | I78: 5 | J78: 45325 | K78: AE
A79: 2310 | B79: 45315 | D79: Ubrolexin | F79: 5 | H79: 45319 | I79: 5 | J79: 45325 | L79: AD | N79: PD
A80: 2230 | B80: 45315 | D80: Mastijet | F80: 5 | H80: 45319 | I80: 9 | J80: 45329 | L80: AD
A81: 3065 | B81: 45316 | D81: Cobactam | F81: 5 | H81: 45320 | I81: 4 | J81: 45325 | L81: AD | N81: PD
A82: 1166 | B82: 45316 | D82: Cobactam | F82: 5 | H82: 45320 | I82: 4 | J82: 45325 | L82: AD | N82: PD
A83: 2594 | B83: 45316 | D83: Ubrolexin | F83: 5 | H83: 45320 | I83: 5 | J83: 45326 | K83: AE | L83: AD | M83: PE | N83: PD
A84: 2216 | B84: 45316 | D84: Mastite clinica | F84: 5 | H84: 45320 | I84: 3 | J84: 45324 | N84: PD
A85: 1130 | B85: 45316 | D85: Mastite clinica | F85: 5 | H85: 45320 | I85: 3 | J85: 45324 | K85: AE | L85: AD | M85: PE | N85: PD
A86: 3272 | B86: 45316 | D86: Mastite clinica | F86: 5 | H86: 45320 | I86: 3 | J86: 45324 | K86: AE | N86: PD
A87: 1317 | B87: 45316 | D87: Mastite clinica | F87: 5 | H87: 45320 | I87: 3 | J87: 45324 | K87: AE | M87: PE
A88: 2856 | B88: 45317 | D88: Masticlim | F88: 5 | H88: 45321 | I88: 3 | J88: 45325 | M88: PE
A89: 2914 | B89: 45317 | D89: Masticlim | F89: 5 | H89: 45321 | I89: 3 | J89: 45325 | L89: AD | N89: PD
A90: 2415 | B90: 45317 | D90: Mastite clinica | F90: 5 | H90: 45321 | I90: 3 | J90: 45325 | M90: PE
A91: 3032 | B91: 45317 | D91: Mastite clinica | F91: 5 | H91: 45321 | I91: 3 | J91: 45325 | N91: PD
A92: 2625 | B92: 45318 | D92: Mastite clinica | F92: 5 | H92: 45322 | I92: 3 | J92: 45326 | K92: AE | M92: PE | N92: PD
A93: 2981 | B93: 45319 | D93: Mastite clinica | F93: 5 | H93: 45323 | I93: 3 | J93: 45327 | L93: AD
A94: 3316 | B94: 45320 | D94: Mastite clinica | F94: 5 | H94: 45324 | I94: 3 | J94: 45328 | M94: PE
A95: 2675 | B95: 45321 | D95: Mastite clinica | F95: 5 | H95: 45325 | I95: 3 | J95: 45329 | L95: AD | M95: PE | N95: PD
A96: 88 | B96: 45321 | D96: Masticlim | F96: 5 | H96: 45325 | I96: 3 | J96: 45329 | N96: PD
A97: 805 | B97: 45321 | D97: vetimax | F97: 5 | H97: 45325 | I97: 3 | J97: 45329 | K97: AE | M97: PE | N97: PD
A98: 2310 | B98: 45321 | D98: vetimax | F98: 5 | H98: 45325 | I98: 3 | J98: 45329 | K98: AE | L98: AD | M98: PE | N98: PD
A99: 1166 | B99: 45321 | D99: vetimax | F99: 5 | H99: 45325 | I99: 3 | J99: 45329 | N99: PD
A100: 2188 | B100: 45321 | D100: vetimax | F100: 5 | H100: 45325 | I100: 3 | J100: 45329 | L100: AD | N100: PD
...

Sheet 2025
A1: VACA | B1: INÍCIO TRATAMENTO | D1: INTRAMAMÁRIO | F1: DIAS APLICAÇÃO | H1: FINAL TRATAMENTO | I1: CARÊNCIA | J1: FINAL TRATAMENTO | K1: TETO EM TRATAMENTO
A2: 3677 | B2: 45658 | D2: Mastite clinica | F2: 5 | H2: =B2+F2-1 -> 45662 | I2: 3 | J2: =H2+I2+1 -> 45666 | K2: AE
A3: 3705 | B3: 45659 | D3: Mastite clinica | F3: 5 | H3: =B3+F3-1 -> 45663 | I3: 3 | J3: =H3+I3+1 -> 45667 | M3: PE
A4: 3863 | B4: 1 | D4: Mastite clinica | F4: 5 | H4: =B4+F4-1 -> 5 | I4: 3 | J4: =H4+I4+1 -> 9 | K4: AE
A5: 2193 | B5: 45660 | D5: Mast jet | F5: 5 | H5: =B5+F5-1 -> 45664 | I5: 9 | J5: =H5+I5+1 -> 45674 | L5: AD
A6: 3211 | B6: 45661 | D6: Mast jet | F6: 5 | H6: =B6+F6-1 -> 45665 | I6: 9 | J6: =H6+I6+1 -> 45675 | K6: AE
A7: 1738 | B7: 45662 | D7: Mastite clinica | F7: 5 | H7: =B7+F7-1 -> 45666 | I7: 3 | J7: =H7+I7+1 -> 45670 | L7: AD
A8: 3677 | B8: 45663 | D8: Mast jet | F8: 5 | H8: =B8+F8-1 -> 45667 | I8: 9 | J8: =H8+I8+1 -> 45677 | M8: PE
A9: 3745 | B9: 45663 | D9: Mastite clinica | F9: 5 | H9: =B9+F9-1 -> 45667 | I9: 3 | J9: =H9+I9+1 -> 45671 | M9: PE
A10: 3787 | B10: 45664 | D10: Mastite clinica | F10: 5 | H10: =B10+F10-1 -> 45668 | I10: 3 | J10: =H10+I10+1 -> 45672 | K10: AE
A11: 3754 | B11: 45664 | D11: Ubrolexin | F11: 5 | H11: =B11+F11-1 -> 45668 | I11: 5 | J11: =H11+I11+1 -> 45674 | K11: AE
A12: 3621 | B12: 45664 | D12: Ubrolexin | F12: 5 | H12: =B12+F12-1 -> 45668 | I12: 5 | J12: =H12+I12+1 -> 45674 | L12: AD
A13: 2949 | B13: 45664 | D13: Ubrolexin | F13: 5 | H13: =B13+F13-1 -> 45668 | I13: 5 | J13: =H13+I13+1 -> 45674 | K13: AE | M13: PE
A14: 296 | B14: 45664 | D14: Ubrolexin | F14: 5 | H14: =B14+F14-1 -> 45668 | I14: 5 | J14: =H14+I14+1 -> 45674 | M14: PE
A15: 2906 | B15: 45665 | D15: Mastite clinica | F15: 5 | H15: =B15+F15-1 -> 45669 | I15: 3 | J15: =H15+I15+1 -> 45673 | K15: AE
A16: 3787 | B16: 45665 | D16: Ubrolexin | F16: 5 | H16: =B16+F16-1 -> 45669 | I16: 5 | J16: =H16+I16+1 -> 45675 | L16: AD
A17: 2696 | B17: 45666 | D17: Ubrolexin | F17: 5 | H17: =B17+F17-1 -> 45670 | I17: 5 | J17: =H17+I17+1 -> 45676 | N17: PD
A18: 1185 | B18: 45668 | D18: Mastite clinica | F18: 5 | H18: =B18+F18-1 -> 45672 | I18: 3 | J18: =H18+I18+1 -> 45676 | K18: AE | L18: AD
A19: 3304 | B19: 45668 | D19: MASTJET | F19: 5 | H19: =B19+F19-1 -> 45672 | I19: 9 | J19: =H19+I19+1 -> 45682 | K19: AE | M19: PE
A20: 2238 | B20: 45669 | D20: ubrolexin | F20: 5 | H20: =B20+F20-1 -> 45673 | I20: 3 | J20: =H20+I20+1 -> 45677 | K20: AE | M20: PE | N20: PD
A21: 4192 | B21: 45670 | D21: Mastite clinica | F21: 5 | H21: =B21+F21-1 -> 45674 | I21: 3 | J21: =H21+I21+1 -> 45678 | N21: PD
A22: 1119 | B22: 45670 | D22: Mastite clinica | F22: 5 | H22: =B22+F22-1 -> 45674 | I22: 3 | J22: =H22+I22+1 -> 45678 | M22: PE | N22: PD
A23: 4202 | B23: 45670 | D23: Mastite clinica | F23: 5 | H23: =B23+F23-1 -> 45674 | I23: 3 | J23: =H23+I23+1 -> 45678 | K23: AE
A24: 3278 | B24: 45671 | D24: Mastite clinica | F24: 5 | H24: =B24+F24-1 -> 45675 | I24: 3 | J24: =H24+I24+1 -> 45679 | L24: AD
A25: 4206 | B25: 45671 | D25: Mastite clinica | F25: 5 | H25: =B25+F25-1 -> 45675 | I25: 3 | J25: =H25+I25+1 -> 45679 | M25: PE
A26: 1749 | B26: 45672 | D26: Ubrolexin | F26: 5 | H26: =B26+F26-1 -> 45676 | I26: 5 | J26: =H26+I26+1 -> 45682 | N26: PD
A27: 3617 | B27: 45672 | D27: Mastite clinica | F27: 5 | H27: =B27+F27-1 -> 45676 | I27: 3 | J27: =H27+I27+1 -> 45680 | M27: PE
A28: 3512 | B28: 45674 | D28: Mastite clinica | F28: 5 | H28: =B28+F28-1 -> 45678 | I28: 3 | J28: =H28+I28+1 -> 45682 | K28: AE
A29: 1180 | B29: 45673 | D29: Mastite clinica | F29: 5 | H29: =B29+F29-1 -> 45677 | I29: 3 | J29: =H29+I29+1 -> 45681 | K29: AE
A30: 3051 | B30: 45673 | D30: Mastite clinica | F30: 5 | H30: =B30+F30-1 -> 45677 | I30: 3 | J30: =H30+I30+1 -> 45681 | L30: AD
A31: 3110 | B31: 45674 | D31: Mastite clinica | F31: 5 | H31: =B31+F31-1 -> 45678 | I31: 3 | J31: =H31+I31+1 -> 45682 | L31: AD | N31: PD
A32: 1749 | B32: 45675 | D32: MASTJET | F32: 5 | H32: =B32+F32-1 -> 45679 | I32: 9 | J32: =H32+I32+1 -> 45689 | L32: AD | N32: PD
A33: 3568 | B33: 45675 | D33: Mastite clinica | F33: 5 | H33: =B33+F33-1 -> 45679 | I33: 3 | J33: =H33+I33+1 -> 45683 | K33: AE | N33: PD
A34: 2488 | B34: 45675 | D34: Mastite clinica | F34: 5 | H34: =B34+F34-1 -> 45679 | I34: 3 | J34: =H34+I34+1 -> 45683 | L34: AD
A35: 3901 | B35: 45675 | D35: Mastite clinica | F35: 5 | H35: =B35+F35-1 -> 45679 | I35: 3 | J35: =H35+I35+1 -> 45683 | N35: PD
A36: 578 | B36: 45676 | D36: Mastite clinica | F36: 5 | H36: =B36+F36-1 -> 45680 | I36: 3 | J36: =H36+I36+1 -> 45684 | N36: PD
A37: 3986 | B37: 45676 | D37: Mastite clinica | F37: 5 | H37: =B37+F37-1 -> 45680 | I37: 3 | J37: =H37+I37+1 -> 45684 | L37: AD
A38: 2949 | B38: 45677 | D38: mastjet | F38: 5 | H38: =B38+F38-1 -> 45681 | I38: 9 | J38: =H38+I38+1 -> 45691 | L38: AD
A39: 3791 | B39: 45677 | D39: Ubrolexin | F39: 5 | H39: =B39+F39-1 -> 45681 | I39: 5 | J39: =H39+I39+1 -> 45687 | K39: AE | M39: PE | N39: PD
A40: 4054 | B40: 45677 | D40: Mastite clinica | F40: 5 | H40: =B40+F40-1 -> 45681 | I40: 3 | J40: =H40+I40+1 -> 45685 | L40: AD
A41: 3745 | B41: 45677 | D41: Mastite clinica | F41: 5 | H41: =B41+F41-1 -> 45681 | I41: 3 | J41: =H41+I41+1 -> 45685 | K41: AE
A42: 3284 | B42: 45678 | D42: Mastite clinica | F42: 5 | H42: =B42+F42-1 -> 45682 | I42: 3 | J42: =H42+I42+1 -> 45686 | L42: AD
A43: 3729 | B43: 45313 | D43: Mastite clinica | F43: 5 | H43: =B43+F43-1 -> 45317 | I43: 3 | J43: =H43+I43+1 -> 45321 | N43: PD
A44: 2238 | B44: 45679 | D44: MASTJET | F44: 5 | H44: =B44+F44-1 -> 45683 | I44: 9 | J44: =H44+I44+1 -> 45693 | N44: PD
A45: 3617 | B45: 45679 | D45: MASTJET | F45: 5 | H45: =B45+F45-1 -> 45683 | I45: 9 | J45: =H45+I45+1 -> 45693 | M45: PE
A46: 2477 | B46: 45680 | D46: Mastite clinica | F46: 5 | H46: =B46+F46-1 -> 45684 | I46: 3 | J46: =H46+I46+1 -> 45688 | L46: AD
A47: 3284 | B47: 45680 | D47: Ubrolexin | F47: 5 | H47: =B47+F47-1 -> 45684 | I47: 5 | J47: =H47+I47+1 -> 45690 | L47: AD
A48: 3745 | B48: 45680 | D48: Ubrolexin | F48: 5 | H48: =B48+F48-1 -> 45684 | I48: 5 | J48: =H48+I48+1 -> 45690 | K48: AE
A49: 3238 | B49: 45681 | D49: Mastite clinica | F49: 5 | H49: =B49+F49-1 -> 45685 | I49: 3 | J49: =H49+I49+1 -> 45689 | N49: PD
A50: 2900 | B50: 45681 | D50: Mastite clinica | F50: 5 | H50: =B50+F50-1 -> 45685 | I50: 3 | J50: =H50+I50+1 -> 45689 | L50: AD
A51: 1180 | B51: 45682 | D51: Ubrolexin | F51: 5 | H51: =B51+F51-1 -> 45686 | I51: 5 | J51: =H51+I51+1 -> 45692 | K51: AE | L51: AD
A52: 3512 | B52: 45682 | D52: Ubrolexin | F52: 5 | H52: =B52+F52-1 -> 45686 | I52: 5 | J52: =H52+I52+1 -> 45692 | K52: AE | M52: PE
A53: 3051 | B53: 45682 | D53: Ubrolexin | F53: 5 | H53: =B53+F53-1 -> 45686 | I53: 5 | J53: =H53+I53+1 -> 45692 | K53: AE | L53: AD
A54: 649 | B54: 45682 | D54: Mastite clinica | F54: 5 | H54: =B54+F54-1 -> 45686 | I54: 3 | J54: =H54+I54+1 -> 45690 | L54: AD
A55: 2679 | B55: 45683 | D55: Mastite clinica | F55: 5 | H55: =B55+F55-1 -> 45687 | I55: 3 | J55: =H55+I55+1 -> 45691 | L55: AD
A56: 4303 | B56: 45683 | D56: Mastite clinica | F56: 5 | H56: =B56+F56-1 -> 45687 | I56: 3 | J56: =H56+I56+1 -> 45691 | M56: PE
A57: 3059 | B57: 45684 | D57: Mastite clinica | F57: 5 | G57: 3 | H57: =B57+F57-1 -> 45688 | I57: 3 | J57: =H57+I57+1 -> 45692 | L57: AD
A58: 1738 | B58: 45684 | D58: Mastite clinica | F58: 5 | H58: =B58+F58-1 -> 45688 | I58: 3 | J58: =H58+I58+1 -> 45692 | M58: PE
A59: 2850 | B59: 45685 | D59: Mastite clinica | F59: 5 | H59: =B59+F59-1 -> 45689 | I59: 3 | J59: =H59+I59+1 -> 45693 | L59: AD
A60: 1749 | B60: 45685 | D60: MASTJET | F60: 5 | H60: =B60+F60-1 -> 45689 | I60: 9 | J60: =H60+I60+1 -> 45699 | N60: PD
A61: 1036 | B61: 45685 | D61: Mastite clinica | F61: 5 | H61: =B61+F61-1 -> 45689 | I61: 3 | J61: =H61+I61+1 -> 45693 | N61: PD
A62: 3284 | B62: 45686 | D62: MASTJET | F62: 5 | H62: =B62+F62-1 -> 45690 | I62: 9 | J62: =H62+I62+1 -> 45700 | L62: AD
A63: 3745 | B63: 45686 | D63: MASTJET | F63: 5 | H63: =B63+F63-1 -> 45690 | I63: 9 | J63: =H63+I63+1 -> 45700 | K63: AE | M63: PE
A64: 578 | B64: 45687 | D64: Mastite clinica | F64: 5 | H64: =B64+F64-1 -> 45691 | I64: 3 | J64: =H64+I64+1 -> 45695 | M64: PE
A65: 4315 | B65: 45687 | D65: Mastite clinica | F65: 5 | H65: =B65+F65-1 -> 45691 | I65: 3 | J65: =H65+I65+1 -> 45695 | L65: AD
A66: 4202 | B66: 45687 | D66: Mastite clinica | F66: 5 | H66: =B66+F66-1 -> 45691 | I66: 3 | J66: =H66+I66+1 -> 45695 | K66: AE
A67: 3724 | B67: 45687 | D67: Mastite clinica | F67: 5 | H67: =B67+F67-1 -> 45691 | I67: 3 | J67: =H67+I67+1 -> 45695 | N67: PD
A68: 3423 | B68: 45688 | D68: MASTJET | F68: 5 | H68: =B68+F68-1 -> 45692 | I68: 9 | J68: =H68+I68+1 -> 45702 | M68: PE
A69: 4333 | B69: 45689 | D69: Ubrolexin | F69: 5 | H69: =B69+F69-1 -> 45693 | I69: 3 | J69: =H69+I69+1 -> 45697 | L69: AD
A70: 3573 | B70: 45690 | D70: Mastite clinica | F70: 5 | H70: =B70+F70-1 -> 45694 | I70: 3 | J70: =H70+I70+1 -> 45698 | K70: AE
A71: 1749 | B71: 45690 | D71: Mastite clinica | F71: 5 | H71: =B71+F71-1 -> 45694 | I71: 3 | J71: =H71+I71+1 -> 45698 | L71: AD | N71: PD
A72: 2787 | B72: 45690 | D72: Mastite clinica | F72: 5 | H72: =B72+F72-1 -> 45694 | I72: 3 | J72: =H72+I72+1 -> 45698 | L72: AD
A73: 3059 | B73: 45690 | D73: MASTJET | F73: 5 | H73: =B73+F73-1 -> 45694 | I73: 9 | J73: =H73+I73+1 -> 45704 | L73: AD
A74: 3520 | B74: 45690 | D74: MASTJET | F74: 5 | H74: =B74+F74-1 -> 45694 | I74: 9 | J74: =H74+I74+1 -> 45704 | M74: PE
A75: 3875 | B75: 45690 | D75: Mastite clinica | F75: 5 | H75: =B75+F75-1 -> 45694 | I75: 3 | J75: =H75+I75+1 -> 45698 | L75: AD
A76: 4311 | B76: 45690 | D76: Mastite clinica | F76: 5 | H76: =B76+F76-1 -> 45694 | I76: 3 | J76: =H76+I76+1 -> 45698 | K76: AE | M76: PE
A77: 3901 | B77: 45691 | D77: Mastite clinica | F77: 5 | H77: =B77+F77-1 -> 45695 | I77: 3 | J77: =H77+I77+1 -> 45699 | N77: PD
A78: 3513 | B78: 45692 | D78: Mastite clinica | F78: 5 | H78: =B78+F78-1 -> 45696 | I78: 3 | J78: =H78+I78+1 -> 45700 | K78: AE
A79: 3063 | B79: 45692 | D79: Mastite clinica | F79: 5 | H79: =B79+F79-1 -> 45696 | I79: 3 | J79: =H79+I79+1 -> 45700 | L79: AD
A80: 1142 | B80: 45692 | D80: Mastite clinica | F80: 5 | H80: =B80+F80-1 -> 45696 | I80: 3 | J80: =H80+I80+1 -> 45700 | L80: AD
A81: 3746 | B81: 45692 | D81: Mastite clinica | F81: 5 | H81: =B81+F81-1 -> 45696 | I81: 3 | J81: =H81+I81+1 -> 45700 | N81: PD
A82: 3247 | B82: 45693 | D82: Mastite clinica | F82: 5 | H82: =B82+F82-1 -> 45697 | I82: 3 | J82: =H82+I82+1 -> 45701 | K82: AE
A83: 3064 | B83: 45693 | D83: Mastite clinica | F83: 5 | H83: =B83+F83-1 -> 45697 | I83: 3 | J83: =H83+I83+1 -> 45701 | K83: AE | N83: PD
A84: 4478 | B84: 45693 | D84: Mastite clinica | F84: 5 | H84: =B84+F84-1 -> 45697 | I84: 3 | J84: =H84+I84+1 -> 45701 | N84: PD
A85: 4202 | B85: 45696 | D85: Ubrolexin | F85: 5 | H85: =B85+F85-1 -> 45700 | I85: 5 | J85: =H85+I85+1 -> 45706 | K85: AE
A86: 3901 | B86: 45696 | D86: MASTJET | F86: 5 | H86: =B86+F86-1 -> 45700 | I86: 9 | J86: =H86+I86+1 -> 45710 | M86: PE
A87: 3745 | B87: 45696 | D87: MASTJET | F87: 5 | H87: =B87+F87-1 -> 45700 | I87: 9 | J87: =H87+I87+1 -> 45710 | M87: PE
A88: 3746 | B88: 45696 | D88: MASTJET | F88: 5 | H88: =B88+F88-1 -> 45700 | I88: 9 | J88: =H88+I88+1 -> 45710 | L88: AD | N88: PD
A89: 3059 | B89: 45696 | D89: Ubrolexin | F89: 5 | H89: =B89+F89-1 -> 45700 | I89: 5 | J89: =H89+I89+1 -> 45706 | L89: AD
A90: 850 | B90: 45696 | D90: Mastite clinica | F90: 5 | H90: =B90+F90-1 -> 45700 | I90: 3 | J90: =H90+I90+1 -> 45704 | N90: PD
A91: 3316 | B91: 45696 | D91: Mastite clinica | F91: 5 | H91: =B91+F91-1 -> 45700 | I91: 3 | J91: =H91+I91+1 -> 45704 | M91: PE
A92: 3511 | B92: 45697 | D92: Mastite clinica | F92: 5 | H92: =B92+F92-1 -> 45701 | I92: 3 | J92: =H92+I92+1 -> 45705 | L92: AD
A93: 2787 | B93: 45699 | D93: Ubrolexin | F93: 5 | H93: =B93+F93-1 -> 45703 | I93: 3 | J93: =H93+I93+1 -> 45707 | L93: AD
A94: 3051 | B94: 45701 | D94: MASTJET | F94: 5 | H94: =B94+F94-1 -> 45705 | I94: 9 | J94: =H94+I94+1 -> 45715 | M94: PE | N94: PD
A95: 3629 | B95: 45701 | D95: MASTJET | F95: 5 | H95: =B95+F95-1 -> 45705 | I95: 9 | J95: =H95+I95+1 -> 45715 | L95: AD
A96: 5044 | B96: 45701 | D96: Mastite clinica | F96: 5 | H96: =B96+F96-1 -> 45705 | I96: 3 | J96: =H96+I96+1 -> 45709 | L96: AD
A97: 4326 | B97: 45703 | D97: Mastite clinica | F97: 5 | H97: =B97+F97-1 -> 45707 | I97: 3 | J97: =H97+I97+1 -> 45711 | N97: PD
A98: 4303 | B98: 45703 | D98: Mastite clinica | F98: 5 | H98: =B98+F98-1 -> 45707 | I98: 3 | J98: =H98+I98+1 -> 45711 | M98: PE
A99: 4089 | B99: 45703 | D99: Mastite clinica | F99: 5 | H99: =B99+F99-1 -> 45707 | I99: 3 | J99: =H99+I99+1 -> 45711 | K99: AE
A100: 3562 | B100: 45704 | D100: Mastite clinica | F100: 5 | H100: =B100+F100-1 -> 45708 | I100: 3 | J100: =H100+I100+1 -> 45712 | M100: PE
...

Sheet HIPERQUERATOSE 26
A1: 46143
A2: Numero vaca | B2: AD | C2: AE | D2: PÉ | E2: PD | F2: Score sujidade | G2: MÉDIA
A3: 0 | B3: 2 | C3: 2 | D3: 1 | E3: 1 | F3: 3 | G3: 1.5
A4: 218 | B4: 3 | C4: 1 | D4: 2 | E4: 1 | F4: 3 | G4: 1.75
A5: 301 | B5: 2 | C5: 1 | D5: 1 | E5: 2 | F5: 3 | G5: 1.5
A6: 574 | B6: 1 | C6: 1 | D6: 1 | E6: 1 | F6: 3 | G6: 1
A7: 649 | B7: 2 | C7: 3 | D7: 3 | E7: 1 | F7: 3 | G7: 2.25
A8: 650 | B8: 2 | C8: 2 | D8: 3 | E8: 3 | F8: 3 | G8: 2.5
A9: 653 | B9: 3 | C9: 2 | D9: 2 | E9: 1 | F9: 3 | G9: 2
A10: 657 | B10: 3 | C10: 1 | D10: 2 | E10: 0 | F10: 3 | G10: 1.5
A11: 850 | B11: 0 | C11: 2 | D11: 2 | E11: 0 | F11: 3 | G11: 1
A12: 892 | B12: 1 | C12: 1 | D12: 1 | E12: 1 | F12: 3 | G12: 1
A13: 1142 | B13: 1 | C13: 1 | D13: 1 | E13: 4 | F13: 2 | G13: 1.75
A14: 1160 | B14: 2 | C14: 2 | D14: 1 | E14: 1 | F14: 3 | G14: 1.5
... A1542: 5826 | B1542: 1 | C1542: 1 | D1542: 2 | E1542: 2 | F1542: 3 | G1542: 1.5

Sheet 2026
A1: VACA | B1: INÍCIO TRATAMENTO | D1: INTRAMAMÁRIO | F1: DIAS APP | H1: DATA FINAL | I1: CARÊNCIA | J1: RETORNO | K1: TETO EM TRATAMENTO | O1: GRAU HIPERQUERATOSE
A2: 3480 | B2: 46024 | D2: Mastite clinica | F2: 5 | H2: 46028 | I2: 3 | J2: 46032 | N2: PD | O2: =VLOOKUP(A2,'HIPERQUERATOSE 26'!$A$2:$G$1542,7,1) -> 1
A3: 3423 | B3: 46024 | D3: Mastite clinica | F3: 5 | H3: 46028 | I3: 3 | J3: 46032 | N3: PD | O3: =VLOOKUP(A3,'HIPERQUERATOSE 26'!$A$2:$G$1542,7,1) -> 3.25
A4: 4216 | B4: 46024 | D4: Mastite clinica | F4: 5 | H4: 46028 | I4: 3 | J4: 46032 | N4: PD | O4: =VLOOKUP(A4,'HIPERQUERATOSE 26'!$A$2:$G$1542,7,1) -> 3
A5: 1203 | B5: 46024 | D5: MASTGEN | F5: 5 | H5: 46028 | I5: 5 | J5: 46034 | K5: AE | O5: =VLOOKUP(A5,'HIPERQUERATOSE 26'!$A$2:$G$1542,7,1) -> 2.25
A6: 3718 | B6: 46025 | D6: Mastite clinica | F6: 5 | H6: 46029 | I6: 3 | J6: 46033 | N6: PD | O6: =VLOOKUP(A6,'HIPERQUERATOSE 26'!$A$2:$G$1542,7,1) -> 1.5
A7: 3862 | B7: 46025 | D7: Mastite clinica | F7: 5 | H7: 46029 | I7: 3 | J7: 46033 | L7: AD | O7: =VLOOKUP(A7,'HIPERQUERATOSE 26'!$A$2:$G$1542,7,1) -> 1.5
A8: 4648 | B8: 46025 | D8: Mastite clinica | F8: 5 | H8: 46029 | I8: 3 | J8: 46033 | N8: PD | O8: =VLOOKUP(A8,'HIPERQUERATOSE 26'!$A$2:$G$1542,7,1) -> 1.5
A9: 4469 | B9: 46026 | D9: Mastite clinica | F9: 5 | H9: 46030 | I9: 3 | J9: 46034 | L9: AD | O9: =VLOOKUP(A9,'HIPERQUERATOSE 26'!$A$2:$G$1542,7,1) -> 1.75
A10: 3397 | B10: 46027 | D10: RILEXINE | F10: 5 | H10: 46031 | I10: 5 | J10: 46037 | K10: AE | O10: =VLOOKUP(A10,'HIPERQUERATOSE 26'!$A$2:$G$1542,7,1) -> 3
A11: 5356 | B11: 46027 | D11: Mastite clinica | F11: 5 | H11: 46031 | I11: 3 | J11: 46035 | M11: PE | O11: =VLOOKUP(A11,'HIPERQUERATOSE 26'!$A$2:$G$1542,7,1) -> 1.5
A12: 4817 | B12: 46028 | D12: MASTJET | F12: 3 | H12: 46030 | I12: 9 | J12: 46040 | L12: AD | O12: =VLOOKUP(A12,'HIPERQUERATOSE 26'!$A$2:$G$1542,7,1) -> 1
A13: 3902 | B13: 46028 | D13: MASTJET | F13: 5 | H13: 46032 | I13: 9 | J13: 46042 | M13: PE | O13: =VLOOKUP(A13,'HIPERQUERATOSE 26'!$A$2:$G$1542,7,1) -> 3
A14: 3594 | B14: 46028 | D14: MASTJET | F14: 5 | H14: 46032 | I14: 9 | J14: 46042 | N14: PD | O14: =VLOOKUP(A14,'HIPERQUERATOSE 26'!$A$2:$G$1542,7,1) -> 1.25
A15: 3591 | B15: 46028 | D15: Mastgen | F15: 5 | H15: 46032 | I15: 5 | J15: 46038 | O15: =VLOOKUP(A15,'HIPERQUERATOSE 26'!$A$2:$G$1542,7,1) -> 1
A16: 4324 | B16: 46029 | D16: Mastite clinica | F16: 5 | H16: 46033 | I16: 3 | J16: 46037 | M16: PE | O16: =VLOOKUP(A16,'HIPERQUERATOSE 26'!$A$2:$G$1542,7,1) -> 2.75
A17: 3526 | B17: 46031 | D17: Mastgen | F17: 5 | H17: 46035 | I17: 5 | J17: 46041 | N17: PD | O17: =VLOOKUP(A17,'HIPERQUERATOSE 26'!$A$2:$G$1542,7,1) -> 1
A18: 3423 | B18: 46032 | D18: MASTGEN | F18: 5 | H18: 46036 | I18: 5 | J18: 46042 | N18: PD | O18: =VLOOKUP(A18,'HIPERQUERATOSE 26'!$A$2:$G$1542,7,1) -> 3.25
A19: 4129 | B19: 46033 | D19: Mastite clinica | F19: 5 | H19: 46037 | I19: 5 | J19: 46043 | L19: AD | O19: =VLOOKUP(A19,'HIPERQUERATOSE 26'!$A$2:$G$1542,7,1) -> 1
A20: 5177 | B20: 46033 | D20: Mastite clinica | F20: 5 | H20: 46037 | I20: 5 | J20: 46043 | N20: PD | O20: =VLOOKUP(A20,'HIPERQUERATOSE 26'!$A$2:$G$1542,7,1) -> 1.25
A21: 4058 | B21: 46034 | D21: MASTJET | F21: 4 | H21: 46037 | I21: 9 | J21: 46047 | K21: AE | O21: =VLOOKUP(A21,'HIPERQUERATOSE 26'!$A$2:$G$1542,7,1) -> 1.5
A22: 3554 | B22: 46035 | D22: Mastite clinica | F22: 5 | H22: 46039 | I22: 3 | J22: 46043 | K22: AE | O22: =VLOOKUP(A22,'HIPERQUERATOSE 26'!$A$2:$G$1542,7,1) -> 1
A23: 4452 | B23: 46035 | D23: Mastite clinica | F23: 5 | H23: 46039 | I23: 3 | J23: 46043 | K23: AE | O23: =VLOOKUP(A23,'HIPERQUERATOSE 26'!$A$2:$G$1542,7,1) -> 2
A24: 4667 | B24: 46035 | D24: Mastite clinica | F24: 5 | H24: 46039 | I24: 3 | J24: 46043 | N24: PD | O24: =VLOOKUP(A24,'HIPERQUERATOSE 26'!$A$2:$G$1542,7,1) -> 2.25
A25: 5250 | B25: 46036 | D25: Mastite clinica | F25: 5 | H25: 46040 | I25: 3 | J25: 46044 | M25: PE | O25: =VLOOKUP(A25,'HIPERQUERATOSE 26'!$A$2:$G$1542,7,1) -> 1.5
A26: 3746 | B26: 46036 | D26: MASTJET | F26: 5 | H26: 46040 | I26: 9 | J26: 46050 | M26: PE | O26: =VLOOKUP(A26,'HIPERQUERATOSE 26'!$A$2:$G$1542,7,1) -> 2.25
A27: 5194 | B27: 46037 | D27: Mastite clinica | F27: 5 | H27: 46041 | I27: 3 | J27: 46045 | N27: PD | O27: =VLOOKUP(A27,'HIPERQUERATOSE 26'!$A$2:$G$1542,7,1) -> 1
A28: 3554 | B28: 46037 | D28: MASTGEN | F28: 5 | H28: 46041 | I28: 9 | J28: 46051 | K28: AE | O28: =VLOOKUP(A28,'HIPERQUERATOSE 26'!$A$2:$G$1542,7,1) -> 1
A29: 4773 | B29: 46037 | D29: Mastite clinica | F29: 5 | H29: 46041 | I29: 3 | J29: 46045 | M29: PE | O29: =VLOOKUP(A29,'HIPERQUERATOSE 26'!$A$2:$G$1542,7,1) -> 2
A30: 4501 | B30: 46037 | D30: Mastite clinica | F30: 5 | H30: 46041 | I30: 3 | J30: 46045 | L30: AD | O30: =VLOOKUP(A30,'HIPERQUERATOSE 26'!$A$2:$G$1542,7,1) -> 2.5
A31: 5209 | B31: 46038 | D31: COBACTAM | F31: 4 | H31: 46041 | I31: 3 | J31: 46045 | L31: AD | O31: =VLOOKUP(A31,'HIPERQUERATOSE 26'!$A$2:$G$1542,7,1) -> 1
A32: 4452 | B32: 46038 | D32: COBACTAM | F32: 4 | H32: 46041 | I32: 3 | J32: 46045 | K32: AE | O32: =VLOOKUP(A32,'HIPERQUERATOSE 26'!$A$2:$G$1542,7,1) -> 2
A33: 4385 | B33: 46038 | D33: COBACTAM | F33: 4 | H33: 46041 | I33: 3 | J33: 46045 | M33: PE | O33: =VLOOKUP(A33,'HIPERQUERATOSE 26'!$A$2:$G$1542,7,1) -> 1.25
A34: 4058 | B34: 46038 | D34: COBACTAM | F34: 4 | H34: 46041 | I34: 3 | J34: 46045 | K34: AE | O34: =VLOOKUP(A34,'HIPERQUERATOSE 26'!$A$2:$G$1542,7,1) -> 1.5
A35: 4829 | B35: 46039 | D35: COBACTAM | F35: 4 | H35: 46042 | I35: 3 | J35: 46046 | M35: PE | O35: =VLOOKUP(A35,'HIPERQUERATOSE 26'!$A$2:$G$1542,7,1) -> 1
A36: 2885 | B36: 46039 | D36: SINULOX | F36: 4 | H36: 46042 | I36: 4 | J36: 46046 | N36: PD | O36: =VLOOKUP(A36,'HIPERQUERATOSE 26'!$A$2:$G$1542,7,1) -> 1
A37: 3072 | B37: 46039 | D37: COBACTAM | F37: 4 | H37: 46042 | I37: 3 | J37: 46046 | K37: AE | O37: =VLOOKUP(A37,'HIPERQUERATOSE 26'!$A$2:$G$1542,7,1) -> 1.25
A38: 4026 | B38: 46039 | D38: SINULOX | F38: 4 | H38: 46042 | I38: 4 | J38: 46046 | L38: AD | O38: =VLOOKUP(A38,'HIPERQUERATOSE 26'!$A$2:$G$1542,7,1) -> 2.25
A39: 4578 | B39: 46039 | D39: COBACTAM | F39: 4 | H39: 46042 | I39: 3 | J39: 46046 | L39: AD | O39: =VLOOKUP(A39,'HIPERQUERATOSE 26'!$A$2:$G$1542,7,1) -> 1.25
A40: 4111 | B40: 46038 | D40: COBACTAM | F40: 4 | H40: 46041 | I40: 3 | J40: 46045 | N40: PD | O40: =VLOOKUP(A40,'HIPERQUERATOSE 26'!$A$2:$G$1542,7,1) -> 2
A41: 4277 | B41: 46041 | D41: MASTGEN | F41: 4 | H41: 46044 | I41: 5 | J41: 46050 | O41: =VLOOKUP(A41,'HIPERQUERATOSE 26'!$A$2:$G$1542,7,1) -> 1
A42: 4157 | B42: 46041 | D42: MASTGEN | F42: 4 | H42: 46044 | I42: 5 | J42: 46050 | O42: =VLOOKUP(A42,'HIPERQUERATOSE 26'!$A$2:$G$1542,7,1) -> 1.75
A43: 3858 | B43: 46041 | D43: MASTGEN | F43: 4 | H43: 46044 | I43: 5 | J43: 46050 | O43: =VLOOKUP(A43,'HIPERQUERATOSE 26'!$A$2:$G$1542,7,1) -> 1.25
A44: 4677 | B44: 46043 | D44: COBACTAM | F44: 4 | H44: 46046 | I44: 3 | J44: 46050 | M44: PE | O44: =VLOOKUP(A44,'HIPERQUERATOSE 26'!$A$2:$G$1542,7,1) -> 1.25
A45: 4452 | B45: 46042 | D45: SPECTRAMAST | F45: 4 | H45: 46045 | I45: 3 | J45: 46049 | K45: AE | O45: =VLOOKUP(A45,'HIPERQUERATOSE 26'!$A$2:$G$1542,7,1) -> 2
A46: 4385 | B46: 46043 | D46: MASTJET | F46: 4 | H46: 46046 | I46: 9 | J46: 46056 | M46: PE | O46: =VLOOKUP(A46,'HIPERQUERATOSE 26'!$A$2:$G$1542,7,1) -> 1.25
A47: 2885 | B47: 46043 | D47: MASTJET | F47: 4 | H47: 46046 | I47: 9 | J47: 46056 | N47: PD | O47: =VLOOKUP(A47,'HIPERQUERATOSE 26'!$A$2:$G$1542,7,1) -> 1
A48: 4026 | B48: 46043 | D48: MASTGEN | F48: 4 | H48: 46046 | I48: 5 | J48: 46052 | L48: AD | O48: =VLOOKUP(A48,'HIPERQUERATOSE 26'!$A$2:$G$1542,7,1) -> 2.25
A49: 4492 | B49: 46043 | D49: MASTJET | F49: 4 | H49: 46046 | I49: 9 | J49: 46056 | K49: AE | L49: AD | M49: PE | O49: =VLOOKUP(A49,'HIPERQUERATOSE 26'!$A$2:$G$1542,7,1) -> 0.75
A50: 4277 | B50: 46043 | D50: MASTJET | F50: 4 | H50: 46046 | I50: 9 | J50: 46056 | L50: AD | N50: PD | O50: =VLOOKUP(A50,'HIPERQUERATOSE 26'!$A$2:$G$1542,7,1) -> 1
A51: 3422 | B51: 46044 | D51: COBACTAM | F51: 4 | H51: 46047 | I51: 3 | J51: 46051 | L51: AD | O51: =VLOOKUP(A51,'HIPERQUERATOSE 26'!$A$2:$G$1542,7,1) -> 3.25
A52: 3330 | B52: 46044 | D52: MASTGEN | F52: 4 | H52: 46047 | I52: 5 | J52: 46053 | L52: AD | O52: =VLOOKUP(A52,'HIPERQUERATOSE 26'!$A$2:$G$1542,7,1) -> 1.25
A53: 3739 | B53: 46045 | D53: COBACTAM | F53: 4 | H53: 46048 | I53: 3 | J53: 46052 | N53: PD | O53: =VLOOKUP(A53,'HIPERQUERATOSE 26'!$A$2:$G$1542,7,1) -> 1
A54: 5191 | B54: 46046 | D54: COBACTAM | F54: 4 | H54: 46049 | I54: 3 | J54: 46053 | L54: AD | O54: =VLOOKUP(A54,'HIPERQUERATOSE 26'!$A$2:$G$1542,7,1) -> 1.25
A55: 4017 | B55: 46046 | D55: COBACTAM | F55: 4 | H55: 46049 | I55: 3 | J55: 46053 | M55: PE | O55: =VLOOKUP(A55,'HIPERQUERATOSE 26'!$A$2:$G$1542,7,1) -> 3.5
A56: 4200 | B56: 46046 | D56: COBACTAM | F56: 4 | H56: 46049 | I56: 3 | J56: 46053 | M56: PE | O56: =VLOOKUP(A56,'HIPERQUERATOSE 26'!$A$2:$G$1542,7,1) -> 1
A57: 4664 | B57: 46046 | D57: COBACTAM | F57: 4 | H57: 46049 | I57: 3 | J57: 46053 | K57: AE | O57: =VLOOKUP(A57,'HIPERQUERATOSE 26'!$A$2:$G$1542,7,1) -> 1
A58: 3576 | B58: 46047 | D58: MASTGEN | F58: 4 | H58: 46050 | I58: 5 | J58: 46056 | N58: PD | O58: =VLOOKUP(A58,'HIPERQUERATOSE 26'!$A$2:$G$1542,7,1) -> 2.25
A59: 5202 | B59: 46048 | D59: Mastite clinica | F59: 4 | H59: 46051 | I59: 3 | J59: 46055 | M59: PE | O59: =VLOOKUP(A59,'HIPERQUERATOSE 26'!$A$2:$G$1542,7,1) -> 1.5
A60: 4026 | B60: 46048 | D60: mastjet | F60: 4 | H60: 46051 | I60: 9 | J60: 46061 | L60: AD | O60: =VLOOKUP(A60,'HIPERQUERATOSE 26'!$A$2:$G$1542,7,1) -> 2.25
A61: 4452 | B61: 46048 | D61: mastjet | F61: 4 | H61: 46051 | I61: 9 | J61: 46061 | K61: AE | O61: =VLOOKUP(A61,'HIPERQUERATOSE 26'!$A$2:$G$1542,7,1) -> 2
A62: 3746 | B62: 46048 | D62: mastjet | F62: 4 | H62: 46051 | I62: 9 | J62: 46061 | M62: PE | O62: =VLOOKUP(A62,'HIPERQUERATOSE 26'!$A$2:$G$1542,7,1) -> 2.25
A63: 2931 | B63: 46049 | D63: Mastgen | F63: 4 | H63: 46052 | I63: 5 | J63: 46058 | M63: PE | O63: =VLOOKUP(A63,'HIPERQUERATOSE 26'!$A$2:$G$1542,7,1) -> 2.75
A64: 4438 | B64: 46049 | D64: Mastgen | F64: 4 | H64: 46052 | I64: 5 | J64: 46058 | M64: PE | O64: =VLOOKUP(A64,'HIPERQUERATOSE 26'!$A$2:$G$1542,7,1) -> 3.5
A65: 3511 | B65: 46049 | D65: Mastgen | F65: 4 | H65: 46052 | I65: 5 | J65: 46058 | K65: AE | O65: =VLOOKUP(A65,'HIPERQUERATOSE 26'!$A$2:$G$1542,7,1) -> 2.5
A66: 4157 | B66: 46049 | D66: SPECTRAMAST | F66: 4 | H66: 46052 | I66: 3 | J66: 46056 | L66: AD | O66: =VLOOKUP(A66,'HIPERQUERATOSE 26'!$A$2:$G$1542,7,1) -> 1.75
A67: 4578 | B67: 46049 | D67: MASTJET | F67: 4 | H67: 46052 | I67: 9 | J67: 46062 | L67: AD | O67: =VLOOKUP(A67,'HIPERQUERATOSE 26'!$A$2:$G$1542,7,1) -> 1.25
A68: 892 | B68: 46050 | D68: Mastite clinica | F68: 4 | H68: 46053 | I68: 3 | J68: 46058 | N68: PD | O68: =VLOOKUP(A68,'HIPERQUERATOSE 26'!$A$2:$G$1542,7,1) -> 1
A69: 4692 | B69: 46050 | D69: SYNULOX | F69: 4 | H69: 46053 | I69: 4 | J69: 46058 | M69: PE | O69: =VLOOKUP(A69,'HIPERQUERATOSE 26'!$A$2:$G$1542,7,1) -> 1.5
A70: 4617 | B70: 46050 | D70: Mastgen | F70: 4 | H70: 46053 | I70: 5 | J70: 46059 | K70: AE | O70: =VLOOKUP(A70,'HIPERQUERATOSE 26'!$A$2:$G$1542,7,1) -> 2.75
A71: 5194 | B71: 46051 | D71: SPECTRAMAST | F71: 4 | H71: 46054 | I71: 3 | J71: 46058 | N71: PD | O71: =VLOOKUP(A71,'HIPERQUERATOSE 26'!$A$2:$G$1542,7,1) -> 1
A72: 4125 | B72: 46051 | D72: SYNULOX | F72: 4 | H72: 46054 | I72: 4 | J72: 46059 | M72: PE | O72: =VLOOKUP(A72,'HIPERQUERATOSE 26'!$A$2:$G$1542,7,1) -> 1.5
A73: 4601 | B73: 46052 | D73: Mastgen | F73: 4 | H73: 46055 | I73: 5 | J73: 46062 | L73: AD | O73: =VLOOKUP(A73,'HIPERQUERATOSE 26'!$A$2:$G$1542,7,1) -> 1
A74: 5175 | B74: 46053 | D74: SPECTRAMAST | F74: 4 | H74: 46056 | I74: 3 | J74: 46060 | M74: PE | O74: =VLOOKUP(A74,'HIPERQUERATOSE 26'!$A$2:$G$1542,7,1) -> 1.25
A75: 4464 | B75: 46053 | D75: SPECTRAMAST | F75: 4 | H75: 46056 | I75: 3 | J75: 46060 | K75: AE | O75: =VLOOKUP(A75,'HIPERQUERATOSE 26'!$A$2:$G$1542,7,1) -> 2
A76: 4617 | B76: 46053 | D76: MASTJET | F76: 4 | H76: 46056 | I76: 9 | J76: 46066 | K76: AE | O76: =VLOOKUP(A76,'HIPERQUERATOSE 26'!$A$2:$G$1542,7,1) -> 2.75
A77: 4129 | B77: 46055 | D77: Mastgen | F77: 4 | H77: 46058 | I77: 5 | J77: 46064 | N77: PD | O77: =VLOOKUP(A77,'HIPERQUERATOSE 26'!$A$2:$G$1542,7,1) -> 1
A78: 3439 | B78: 46055 | D78: MASTJET | F78: 4 | H78: 46058 | I78: 9 | J78: 46068 | L78: AD | O78: =VLOOKUP(A78,'HIPERQUERATOSE 26'!$A$2:$G$1542,7,1) -> 2.25
A79: 3576 | B79: 46056 | D79: SPECTRAMAST | F79: 4 | H79: 46059 | I79: 3 | J79: 46063 | N79: PD | O79: =VLOOKUP(A79,'HIPERQUERATOSE 26'!$A$2:$G$1542,7,1) -> 2.25
A80: 4692 | B80: 46056 | D80: Mastgen | F80: 4 | H80: 46059 | I80: 3 | J80: 46063 | M80: PE | N80: PD | O80: =VLOOKUP(A80,'HIPERQUERATOSE 26'!$A$2:$G$1542,7,1) -> 1.5
A81: 4260 | B81: 46056 | D81: SPECTRAMAST | F81: 4 | H81: 46059 | I81: 3 | J81: 46063 | N81: PD | O81: =VLOOKUP(A81,'HIPERQUERATOSE 26'!$A$2:$G$1542,7,1) -> 1
A82: 4189 | B82: 46058 | D82: SPECTRAMAST | F82: 4 | H82: 46061 | I82: 3 | J82: 46065 | L82: AD | O82: =VLOOKUP(A82,'HIPERQUERATOSE 26'!$A$2:$G$1542,7,1) -> 2.75
A83: 5485 | B83: 46058 | D83: mastjet | F83: 4 | H83: 46061 | I83: 9 | J83: 46071 | M83: PE | O83: =VLOOKUP(A83,'HIPERQUERATOSE 26'!$A$2:$G$1542,7,1) -> 2.5
A84: 4501 | B84: 46059 | D84: SPECTRAMAST | F84: 4 | H84: 46062 | I84: 3 | J84: 46066 | L84: AD | O84: =VLOOKUP(A84,'HIPERQUERATOSE 26'!$A$2:$G$1542,7,1) -> 2.5
A85: 3935 | B85: 46060 | D85: SPECTRAMAST | F85: 4 | H85: 46063 | I85: 3 | J85: 46067 | K85: AE | O85: =VLOOKUP(A85,'HIPERQUERATOSE 26'!$A$2:$G$1542,7,1) -> 2.25
A86: 3596 | B86: 46060 | D86: SPECTRAMAST | F86: 4 | H86: 46063 | I86: 3 | J86: 46067 | L86: AD | O86: =VLOOKUP(A86,'HIPERQUERATOSE 26'!$A$2:$G$1542,7,1) -> 1.25
A87: 2924 | B87: 46061 | D87: COBACTAM | F87: 4 | H87: 46064 | I87: 3 | J87: 46068 | L87: AD | O87: =VLOOKUP(A87,'HIPERQUERATOSE 26'!$A$2:$G$1542,7,1) -> 3
A88: 4924 | B88: 46061 | D88: COBACTAM | F88: 4 | H88: 46064 | I88: 3 | J88: 46068 | M88: PE | O88: =VLOOKUP(A88,'HIPERQUERATOSE 26'!$A$2:$G$1542,7,1) -> 1
A89: 3428 | B89: 46062 | D89: COBACTAM | F89: 4 | H89: 46065 | I89: 3 | J89: 46069 | K89: AE | O89: =VLOOKUP(A89,'HIPERQUERATOSE 26'!$A$2:$G$1542,7,1) -> 2.75
A90: 4601 | B90: 46063 | D90: mastjet | F90: 4 | H90: 46066 | I90: 9 | J90: 46076 | N90: PD | O90: =VLOOKUP(A90,'HIPERQUERATOSE 26'!$A$2:$G$1542,7,1) -> 1
A91: 3935 | B91: 46063 | D91: mastjet | F91: 4 | H91: 46066 | I91: 9 | J91: 46076 | K91: AE | O91: =VLOOKUP(A91,'HIPERQUERATOSE 26'!$A$2:$G$1542,7,1) -> 2.25
A92: 5042 | B92: 46064 | D92: COBACTAM | F92: 4 | H92: 46067 | I92: 3 | J92: 46071 | N92: PD | O92: =VLOOKUP(A92,'HIPERQUERATOSE 26'!$A$2:$G$1542,7,1) -> 1
A93: 4791 | B93: 46064 | D93: mastjet | F93: 4 | H93: 46067 | I93: 9 | J93: 46077 | M93: PE | O93: =VLOOKUP(A93,'HIPERQUERATOSE 26'!$A$2:$G$1542,7,1) -> 2
A94: 4216 | B94: 46065 | D94: COBACTAM | F94: 4 | H94: 46068 | I94: 3 | J94: 46072 | L94: AD | O94: =VLOOKUP(A94,'HIPERQUERATOSE 26'!$A$2:$G$1542,7,1) -> 3
A95: 4145 | B95: 46065 | D95: COBACTAM | F95: 4 | H95: 46068 | I95: 3 | J95: 46072 | K95: AE | O95: =VLOOKUP(A95,'HIPERQUERATOSE 26'!$A$2:$G$1542,7,1) -> 2
A96: 5492 | B96: 46065 | D96: COBACTAM | F96: 4 | H96: 46068 | I96: 3 | J96: 46072 | M96: PE | O96: =VLOOKUP(A96,'HIPERQUERATOSE 26'!$A$2:$G$1542,7,1) -> 0.75
A97: 2872 | B97: 46066 | D97: COBACTAM | F97: 4 | H97: 46069 | I97: 3 | J97: 46073 | K97: AE | O97: =VLOOKUP(A97,'HIPERQUERATOSE 26'!$A$2:$G$1542,7,1) -> 1
A98: 4171 | B98: 46066 | D98: COBACTAM | F98: 4 | H98: 46069 | I98: 3 | J98: 46073 | N98: PD | O98: =VLOOKUP(A98,'HIPERQUERATOSE 26'!$A$2:$G$1542,7,1) -> 2.75
A99: 3252 | B99: 46067 | D99: MASTJET | F99: 4 | H99: 46070 | I99: 9 | J99: 46080 | L99: AD | O99: =VLOOKUP(A99,'HIPERQUERATOSE 26'!$A$2:$G$1542,7,1) -> 2.75
A100: 4617 | B100: 46067 | D100: MASTJET | F100: 4 | H100: 46070 | I100: 9 | J100: 46080 | K100: AD | M100: PE | O100: =VLOOKUP(A100,'HIPERQUERATOSE 26'!$A$2:$G$1542,7,1) -> 2.75
...

Sheet Planilha1
A2: 3110
A3: 1746
A4: 2385
A5: 2570
A6: 2760
A7: 2760
A8: 2800
A9: 2885
A10: 2889
A11: 2894
A12: 3020
A13: 3064
... A115: 5829

Sheet SECAGEM
A1: Lote | B1: Brinco | C1: DEL | D1: LACT | E1: ÚltTratSeca | F1: DATA SECA | G1: StatRepro | H1: DiasCarenLeite | I1: DtÚltParto | J1: retorno
A2: 6 | B2: 3494 | C2: 686 | D2: 2 | E2: Cepravin | F2: 45435 | G2: Sold | H2: 0 | I2: 45489 | J2: =I2+3 -> 45492 | L2: =J2-F2 -> 57
A3: 6 | B3: 3015 | C3: 670 | D3: 3 | E3: Cepravin | F3: 45442 | G3: Sold | H3: 0 | I3: 45504 | J3: =I3+3 -> 45507 | L3: =J3-F3 -> 65
A4: 6 | B4: 3026 | C4: 579 | D4: 3 | E4: Cepravin | F4: 45442 | G4: Sold | H4: 0 | I4: 45505 | J4: =I4+3 -> 45508 | L4: =J4-F4 -> 66
A5: 10 | B5: 3391 | C5: 532 | D5: 2 | E5: Cepravin | F5: 45456 | G5: Sold | H5: 0 | I5: 45573 | J5: =I5+3 -> 45576 | L5: =J5-F5 -> 120
A6: 10 | B6: 3546 | C6: 484 | D6: 2 | E6: Cepravin | F6: 45463 | G6: Sold | H6: 0 | I6: 45524 | J6: =I6+3 -> 45527 | L6: =J6-F6 -> 64
A7: 6 | B7: 3690 | C7: 486 | D7: 2 | E7: Cepravin | F7: 45463 | G7: Sold | H7: 0 | I7: 45528 | J7: =I7+3 -> 45531 | L7: =J7-F7 -> 68
A8: 6 | B8: 2952 | C8: 633 | D8: 3 | E8: Teatseal | F8: 45477 | G8: Sold | H8: 0 | I8: 45541 | J8: =I8+3 -> 45544 | L8: =J8-F8 -> 67
A9: 10 | B9: 2020 | C9: 298 | D9: 5 | E9: Teatseal | F9: 45477 | G9: Sold | H9: 0 | I9: 45634 | J9: =I9+3 -> 45637 | L9: =J9-F9 -> 160
A10: 2 | B10: 3573 | C10: 160 | D10: 3 | E10: Teatseal | F10: 45484 | G10: Prenha | H10: 0 | I10: 46099 | J10: =I10+3 -> 46102 | L10: =J10-F10 -> 618
A11: 6 | B11: 2018 | C11: 451 | D11: 6 | E11: Teatseal | F11: 45491 | G11: Sold | H11: 0 | I11: 45701 | J11: =I11+3 -> 45704 | L11: =J11-F11 -> 213
A12: 7 | B12: 2900 | C12: 306 | D12: 3 | E12: Teatseal | F12: 45498 | G12: Sold | H12: 0 | I12: 45564 | J12: =I12+3 -> 45567 | L12: =J12-F12 -> 69
A13: 6 | B13: 2767 | C13: 467 | D13: 3 | E13: Cepravin | F13: 45505 | G13: Sold | H13: 0 | I13: 45568 | J13: =I13+3 -> 45571 | L13: =J13-F13 -> 66
... A1331: 10 | B1331: 4906 | C1331: 6 | D1331: 2 | E1331: INTRASEC PLUS | F1331: 46218 | G1331: Fresca | H1331: 0 | I1331: 46253 | J1331: =I1331+3 -> 46256 | L1331: =J1331-F1331 -> 38

Sheet DOENÇAS GERAL
A1: DATA | B1: VACA | C1: DOENÇA | D1: MEDICAMENTO | E1: DIAS APLICAÇÃO | J1: RETORNO
A2: 46204 | B2: 5566 | C2: MASTITE | D2: TS + FORTGAL | E2: 1 | F2: 2 | G2: 3 | J2: 46210
A3: 46204 | B3: 4038 | C3: MASTITE | D3: TS + FORTGAL | E3: 1 | F3: 2 | G3: 3 | J3: 46210
A4: 46204 | B4: 2936 | C4: MASTITE | D4: TS+ KINETOMAX+FORCIL | E4: 1 | F4: 2 | G4: 3 | J4: 46211
A5: 46204 | B5: 4587 | C5: PIRO | D5: OUROTETRA+FERRODEX+B12 | E5: 1 | F5: 2 | G5: 3 | J5: 46228
A6: 46204 | B6: 3445 | C6: RETENÇÃO DE PLACENTA | D6: PENCIVET + SORO | E6: 1 | F6: 2 | G6: 3 | J6: 46211
A7: 46207 | B7: 5347 | C7: MASTITE | D7: KINETOMAX+ FORCIL | E7: 4 | F7: 5 | G7: 6 | J7: 46214
A8: 46207 | B8: 3759 | C8: MASTITE | D8: TOLFEDINE+FORCIL | E8: 4 | F8: 5 | G8: 6 | J8: 46214
A9: 46206 | B9: 5039 | C9: PNEUMONIA | D9: PENCIVET+ÓLEO CANFORADO | E9: 3 | F9: 4 | G9: 5 | J9: 46213
A10: 46207 | B10: 4394 | C10: MASTITE | D10: FORTGAL+MAXICAN | E10: 4 | F10: 5 | G10: 6 | J10: 46213
A11: 46207 | B11: 5232 | C11: MASTITE | D11: TS+OUROTETRA | E11: 4 | F11: 5 | G11: 6 | J11: 46231
A12: 46208 | B12: 2981 | C12: MASTITE | D12: FORTGAL+MAXICAN | E12: 5 | F12: 6 | G12: 7 | J12: 46214
A13: 46208 | B13: 2398 | C13: PNEUMONIA | D13: PENCIVET+SORO+MAXICAN | E13: 5 | F13: 6 | G13: 7 | J13: 46216
... A44: 46211 | B44: 4642 | C44: ABOMASO | D44: SORO+PENCIVET+MAXICAN | E44: 8 | F44: 9 | G44: 10 | J44: 46220
A45: 46212 | B45: 4407 | C45: ABOMASO | D45: KINETOMAX+MAXICAN | E45: 9 | F45: 10 | G45: 11 | H45: 12 | J45: 46221
A46: 46212 | B46: 4731 | C46: RETENÇÃO DE PLACENTA | D46: PENCIVET | E46: 9 | F46: 10 | G46: 11 | J46: 46221
A47: 46212 | B47: 4729 | C47: RETENÇÃO DE PLACENTA | D47: PENCIVET | E47: 9 | F47: 10 | G47: 11 | J47: 46221
A48: 46212 | B48: 4915 | C48: PNEUMONIA | D48: PENCIVET+ÓLEO+MAXICAN | E48: 9 | F48: 10 | G48: 11 | J48: 46221
A49: 46212 | B49: 3478 | C49: MASTITE | D49: KINETOMAX+FORCIL | E49: 9 | F49: 10 | G49: 11 | J49: 46221
A50: 46212 | B50: 4446 | C50: MASTITE | D50: FORTGAL+MAXICAN | E50: 9 | F50: 10 | G50: 11 | J50: 46221
A51: 46212 | B51: 3210 | C51: MASTITE | D51: TS+FORTGAL | E51: 9 | F51: 10 | G51: 11 | J51: 46219
A52: 46212 | B52: 5596 | C52: MASTITE | D52: TS+OUROTETRA | E52: 9 | F52: 10 | G52: 11 | J52: 46237
A53: 46212 | B53: 3193 | C53: PNEUMONIA | D53: SORO+PENCIVET | E53: 9 | F53: 10 | G53: 11 | J53: 46221
A54: 46212 | B54: 2856 | C54: PNEUMONIA | D54: KINETOMAX+ÓLEO+MAXICAN | E54: 9 | F54: 10 | G54: 11 | J54: 46221
A55: 46212 | B55: 4595 | C55: PIRO | D55: OUROTETRA+FERRODEX+B12 | E55: 9 | F55: 10 | G55: 11 | J55: 46237
A56: 46213 | B56: 3876 | C56: CASCO | D56: TILOFOR | E56: 10 | F56: 11 | G56: 12 | J56: 46218
A57: 46213 | B57: 4661 | C57: PNEUMONIA | D57: SORO+PENCIVET | E57: 10 | F57: 11 | G57: 12 | J57: 46222
... A85: 46223 | B85: 3997 | C85: ABOMASO | D85: PENCIVET | E85: 20 | F85: 21 | G85: 22 | J85: 46231
A86: 46223 | B86: PIRO | C86: PIRO | D86: OUROTETRA+FERRODEX+B12 | E86: 20 | F86: 21 | G86: 22 | J86: 46247
A87: 46224 | B87: 4823 | C87: MASTITE | D87: FORTGAL+METACAN | E87: 21 | F87: 22 | G87: 23 | J87: 46231
A88: 46224 | B88: 4928 | C88: PNEUMONIA | D88: PENCIVET+ÓLEO+MAXICAN | E88: 21 | F88: 22 | G88: 23 | J88: 46233
A89: 46224 | B89: 4456 | C89: MASTITE | D89: TS+OUROTETRA | E89: 21 | F89: 22 | G89: 23 | J89: 46249
A90: 46225 | B90: 3225 | C90: CASCO | D90: TILOFOR | E90: 22 | F90: 23 | G90: 24 | J90: 46231
A91: 46225 | B91: 3164 | C91: PIRO | D91: OUROTETRA+FERRODEX+B12 | E91: 22 | F91: 23 | G91: 24 | J91: 46250
A92: 46225 | B92: 3556 | C92: PIRO | D92: OUROTETRA+FERRODEX+B12 | E92: 22 | F92: 23 | G92: 24 | J92: 46250
A93: 46226 | B93: 5447 | C93: CASCO | D93: TILOFOR | E93: 23 | F93: 24 | G93: 25 | J93: 46232
A94: 46226 | B94: 2925 | C94: PNEUMONIA | D94: TILOFOR+MAXICAN | E94: 23 | F94: 24 | G94: 25 | J94: 46234
A95: 46227 | B95: 3263 | C95: PIRO | D95: KINETOMAX | E95: 24 | F95: 25 | G95: 26 | J95: 46234
A96: 46227 | B96: 3816 | C96: PNEUMONIA+CASCO | D96: TILOFOR+MAXICAN | E96: 24 | F96: 25 | G96: 26 | J96: 46235
A97: 46228 | B97: 4732 | C97: PNEUMONIA | D97: TILOFOR+SORO | E97: 25 | F97: 26 | G97: 27 | J97: 46234
A98: 46228 | B98: 4855 | C98: CASCO | D98: TILOFOR | E98: 25 | F98: 26 | G98: 27 | J98: 46234
... A163: 46251 | B163: 4435 | C163: PNEUMONIA | D163: PENCIVET | E163: 17 | F163: 18 | G163: 19 | J163: 46260
A164: 46251 | B164: 1571-EMILIA | C164: PNEUMONIA | D164: SORO+PENCIVET+B1 | E164: 17 | F164: 18 | G164: 19
A165: 46253 | B165: 2279 | C165: MASTITE | D165: FORTGAL+METACAN | E165: 19 | F165: 20 | G165: 21 | J165: 46259
A166: 46253 | B166: 4226 | C166: CAUDECTOMIA | D166: PENCIVET+MAXICAN | E166: 19 | F166: 20 | G166: 21 | J166: 46260
A167: 46253 | B167: 5009 | C167: CAUDECTOMIA | D167: PENCIVET+MAXICAN | E167: 19 | F167: 20 | G167: 31 | J167: 46260
A168: 46253 | B168: 5032 | C168: PIRO | D168: OUROTETRA+FERRODEX+B12 | E168: 19 | F168: 20 | G168: 21 | J168: 46278
A169: 46254 | B169: 3188 | C169: MASTITE | D169: KINETOMAX+METACAN | E169: 20 | F169: 21 | G169: 22
A170: 46254 | B170: 4072 | C170: MASTITE | D170: TS+OUROTETRA+METACAN | E170: 20 | F170: 21 | G170: 22
A171: 46254 | B171: 4196 | C171: MASTITE | D171: OUROTETRA | E171: 20 | F171: 21 | G171: 22
A172: 46254 | B172: 4769 | C172: CASCO | D172: TILOFOR+METACAN | E172: 20 | F172: 21 | G172: 22
A173: 46254 | B173: 5777 | C173: RETENÇÃO DE PLACENTA | D173: PENCIVET | E173: 21 | F173: 22 | G173: 23
A174: 46255 | B174: 4488 | C174: MASTITE | D174: FORTGAL+MAXICAN | E174: 21 | F174: 22 | G174: 23
A175: 46255 | B175: 5068 | C175: CASCO | D175: TILOFOR+MAXICAN | E175: 21 | F175: 22 | G175: 23
A176: 46256 | B176: 4240 | C176: MASTITE | D176: FORTGAL+MAXICAN | E176: 22 | F176: 23 | G176: 24
A177: 46256 | B177: 3845 | C177: PNEUMONIA | D177: KINETOMAX+OLEO+MAXICAN | E177: 22 | F177: 23 | G177: 24
A178: 46256 | B178: 4433 | C178: PNEUMONIA | D178: PENCIVET+OLEO+MAXICAN | E178: 22 | F178: 23 | G178: 24
A179: 46256 | B179: 2943 | C179: METRITE | D179: TILOFOR+METACAN | E179: 22 | F179: 23 | G179: 24
A180: 46257 | B180: 4906 | C180: METRITE | D180: PENCIVET | E180: 23 | F180: 24 | G180: 25
... A188: 46259 | B188: 4343 | C188: PIRO | D188: OUROTETRA+B12 | E188: 25 | F188: 26 | G188: 27
